Device,Auth_Sweep,Intra_Distance,Mean_Inter_Distance,Min_Inter_Distance,Max_Inter_Distance,Separation_Ratio
1,2,0.4636661574788978,44.149415655846376,10.123781350339032,102.72342853024784,95.21810895951491
1,3,0.5359562547715411,44.138639320252274,10.093844369320859,102.81498411616576,82.3549274847398
1,4,0.5711753301552662,44.125639050993584,10.069530771627573,102.84856071868285,77.25410386064397
1,5,0.8230716953567093,44.117681597939615,9.989297006492835,103.01663899234701,53.60126136132883
10,2,0.5796546641867223,51.685052761236946,9.248805215572284,115.98553782542201,89.16524797070437
10,3,0.4011607598819568,51.56626568856118,9.339771197767368,115.68556115896675,128.54264314961497
10,4,0.4067462701364962,51.58791601223293,9.322961715099302,115.70898676829822,126.83070142625772
10,5,0.5193978640758472,51.72145857315888,9.339261960425842,116.02211018114593,99.5796501192572
100,2,1.0328738929478383,42.64855734974265,7.237015575746747,128.09326482364298,41.29115589814304
100,3,1.6827472260591176,42.516340442673965,7.1913053687769875,127.48753044415471,25.26602898617407
100,4,2.0895602549688634,42.427740998547094,7.205194897743824,127.06542843699404,20.304626628789435
100,5,2.425408156090941,42.364100486314705,7.239031114324668,126.74865412528594,17.466792220211506
101,2,1.678292822679821,51.49005203301514,6.6017287830752025,149.59488234248715,30.680016639764936
101,3,2.8903661301082426,50.752148569060985,6.152583236927678,148.43777817724475,17.559072487321743
101,4,3.8340750363563756,50.217247711166316,5.837882006556122,147.56128367600633,13.097617314217445
101,5,5.5297843933603,49.293245807006244,5.593576896966063,145.99498312756458,8.91413520155543
102,2,1.0032095742649092,42.603854283649476,10.815267483554289,119.06628112844265,42.46755109987011
102,3,1.3772487070786161,42.586245720333984,10.76459236621937,118.70672035825723,30.921245518142005
102,4,1.8274252159740048,42.561536090355474,10.726570834287223,118.27161239608714,23.29043918482108
102,5,2.154369653746981,42.56450538537688,10.735069822034399,118.006202054268,19.7572896154445
103,2,0.8884976695742288,56.79533066619138,6.65031585793007,157.86651261890114,63.9228801288574
103,3,1.3416747152970319,56.44964884567342,6.87595828491598,157.38767051017612,42.07401971679544
103,4,1.7289539401600185,56.17665882505167,7.009488267729849,157.01902025253617,32.49170333301959
103,5,2.019918173802889,55.97980390175072,7.158620098435723,156.7542330620424,27.713896706626922
104,2,0.6980159153281476,64.07327891352953,7.181748891844696,166.71242538624028,91.79343420196
104,3,1.064680787709597,63.74176567162532,7.252313179683685,166.3252844087103,59.86936724016279
104,4,1.341794256557808,63.487728159706116,7.282125771904631,166.0358791750253,47.31554586425184
104,5,1.6699332509276759,63.21434956459134,7.369266268333425,165.7152297733245,37.85441672649523
105,2,0.8247160995225612,57.04999625035226,8.52230894774293,157.8502714065189,69.17531450110661
105,3,1.3101801910667752,56.66881673844379,8.564121921281622,157.3372851290577,43.25268897538132
105,4,1.700602735128043,56.40999064199626,8.600275017451581,156.98337258136453,33.17058660736726
105,5,2.030689832014431,56.16195456689417,8.539092682326807,156.6453460677625,27.656589108251943
106,2,1.7273163778993437,42.82828759216038,6.194591104519665,129.38567912586072,24.794697654808637
106,3,3.0049503770095565,42.566308342078486,6.18309715406097,128.16165672640105,14.16539471869261
106,4,3.954607375779877,42.39200527629122,6.336879880483266,127.27655126905886,10.719649548201916
106,5,4.593745668290848,42.27989449487319,6.521411706400631,126.6783070099224,9.20379521545561
107,2,1.1910565613434287,61.63748068320372,6.7401339376054015,163.9268467161643,51.750254493521616
107,3,1.9140693560545912,61.006696987822366,6.567398127079021,163.1986781823143,31.872772256719976
107,4,2.516822011922862,60.50820415918918,6.50036179137653,162.6140214386161,24.04151093407895
107,5,2.9912669208083256,60.12539941259827,6.477676911374786,162.15245031890015,20.100312276828692
108,2,0.7063208177697279,62.85919466074195,7.662439742165184,165.04884956640686,88.99524435549431
108,3,1.010785959629202,62.49353161269765,7.573701691997923,164.62991486569993,61.82667101683541
108,4,1.250581149604077,62.285045918537165,7.396354673321857,164.3948275088247,49.8048810668602
108,5,1.5574667639721036,62.01599025535343,7.2010250360112735,164.07535031991367,39.81849968920379
109,2,0.9329738470041694,44.76436653809192,7.971584695711301,135.76103055114203,47.980301057773225
109,3,1.6065408202088753,44.567593754915066,8.127503473738486,135.1009422144172,27.74133897930287
109,4,2.150939489265822,44.42288988623517,8.291021213462106,134.60053395579638,20.65278446994813
109,5,2.582861693281764,44.29113890046941,8.332639806614365,134.17845891136292,17.14808765958837
11,2,0.7505838494227396,89.58739883504371,8.866465655110767,166.0499369856387,119.3569482082172
11,3,0.5995444958740652,89.05610073266995,8.939076976067875,165.51073234729733,148.5395994127853
11,4,1.772630728204199,87.57967160630281,9.243937095806771,163.9871833454083,49.40660777158092
11,5,1.9946444778109989,87.30871822767736,9.316750979468983,163.709540175138,43.771568698687446
110,2,0.9266329731912474,51.10719029064907,7.030393528746864,149.58424102162084,55.15364898262107
110,3,1.6215960931728433,50.673684399190215,7.356891833016365,148.8938750751447,31.249263796355457
110,4,2.2448864509927073,50.30398402255374,7.1226162820841985,148.29452685095848,22.408253110631218
110,5,2.4815526103964283,50.17545477233125,7.067719681184172,148.07789760328367,20.219379738284864
111,2,1.1073235073961767,60.39824900721897,7.074317428086561,162.29666146769165,54.544356783140344
111,3,2.0335300618209757,59.66567017261698,7.561376145307179,161.3923601751062,29.34093328611947
111,4,2.6333848564393425,59.21267804771753,7.726939246965598,160.82393616338737,22.485387078182878
111,5,3.049627125829701,58.869686317497276,7.5529072988504335,160.40329392845402,19.303896409447713
112,2,0.7124976090091875,63.425020695930876,7.8680194744257,165.70654551614948,89.01787038128056
112,3,1.0331860858504016,63.13414963699339,7.833993147770437,165.35835909876405,61.10627106826145
112,4,1.2428326629643622,62.952833457128534,7.845270076599195,165.13571163536503,50.65270235209989
112,5,1.4650611147621058,62.765084556648674,7.7893427365967485,164.91829558503392,42.84127364777382
113,2,0.6523239257096622,61.91473906659248,6.556177273003176,163.97723547345777,94.9140996937902
113,3,0.9298774794680348,61.636739417624874,6.5490007902896,163.6661811429124,66.28479570237374
113,4,1.120191124012932,61.4596852857937,6.641568720713359,163.44308044379767,54.865355937627136
113,5,1.1161056632701944,61.48986610071205,6.647135787160502,163.48621022863588,55.093229586896086
114,2,0.9285252572540934,48.874558823608936,9.09502507090055,144.3741712967057,52.63675695993126
114,3,1.6552968697327282,48.56975036589073,9.174392409943094,143.72100119534412,29.34201771330169
114,4,1.868425744771354,48.45057672115492,9.223079956530157,143.47618008799114,25.93122932363132
114,5,2.2768111654589327,48.25523378139721,9.30375487770731,143.07326286837664,21.194218607816914
115,2,1.108772134307441,45.73216135730229,6.9521660578988005,137.22125947911098,41.245770460681456
115,3,1.496298179217409,45.607840890558904,6.919877225052486,136.85830567836214,30.480449163954834
115,4,1.9579858900043385,45.47169870171618,6.926097108577339,136.44332186456225,23.223711009162745
115,5,2.5758971268606667,45.29397165985614,6.949057270565647,135.8964736966529,17.583765675929683
116,2,1.4781874365940504,47.262112821434,6.650816361455063,142.6007774235078,31.97301731274507
116,3,2.8668287021313708,46.64197683781091,6.647213210444168,141.25232721328976,16.269537360372848
116,4,3.728861656688293,46.273929590571605,6.7768708445309755,140.43441799324896,12.409666468444989
116,5,4.300172844751663,46.04709582721412,6.843033343911228,139.90852144901763,10.708196480132742
117,2,1.3968340219178177,66.11976273938359,8.787056196487038,167.91290652058586,47.33544660893094
117,3,2.2710442629647054,65.35218206899185,8.897050310706108,167.055881667487,28.776269510448024
117,4,2.982783209002371,64.75291222441899,9.069796972483466,166.3938601845283,21.708889808652074
117,5,3.3590140089259797,64.43148631097438,9.213814780808788,166.02884771718226,19.181666390179544
118,2,0.46469203570979933,69.906128056507,9.834003332613413,172.67147650950469,150.43538769794964
118,3,0.5704490426004262,69.70898961672488,9.683968702254193,172.45641750121956,122.20020227740281
118,4,0.5860380141720719,69.71180450054464,9.679293407739802,172.46128020393255,118.95440504740343
118,5,0.589614281471574,69.70468960055786,9.683654111512457,172.4541507423148,118.22082776621163
119,2,1.4231277117894858,57.34450947347961,7.820358435992486,158.1442853048513,40.29470341662153
119,3,2.10507768717362,56.7954604322805,7.703255382518592,157.4809465923596,26.98022049662911
119,4,2.611868626347411,56.4061974022279,7.717923242607388,156.9899114511892,21.596108095661965
119,5,3.138180350057068,56.027942193883064,7.8086274789488765,156.4868432844609,17.85363993319498
12,2,0.5392268744799258,53.6891060120794,7.252523842417484,121.58343243130075,99.56681975132143
12,3,2.3177177673789133,54.20400297418934,7.982655907963447,122.5150714877157,23.386800370271214
12,4,3.0507470381164836,55.34667405062711,8.046250060949388,124.62736075617504,18.14200691755086
12,5,3.7584228525194563,55.68670022936215,8.31512486868862,125.19346150869833,14.816507419825722
120,2,0.6317430981228127,60.96159359608208,7.587838215281753,163.20277501291378,96.49744146354972
120,3,0.8973207626776074,60.69110365415026,7.679398449669514,162.8865862386884,67.63590624682392
120,4,1.1694482518360556,60.4565410842948,7.815821346035782,162.59279803224086,51.69663597547864
120,5,1.409020375643471,60.25451031344428,7.711244531658741,162.34360469062932,42.763405645069696
121,2,1.1208766871058229,52.018777323551106,5.982995927942768,150.6682521633481,46.40900953500684
121,3,1.9359933215866363,51.52227738427683,5.637560597882236,149.88606187235675,26.612838248803232
121,4,2.778352170234113,51.03215343577494,5.327972568799891,149.107787303076,18.3677770582255
121,5,2.9907214495365677,50.88321559861308,5.213338984827936,148.86296422058862,17.013692611313182
122,2,1.8371954312656888,57.08387682499644,6.477188463014404,158.30212384357066,31.071205350732832
122,3,3.1883118950157687,56.12193773195293,6.756594994425102,157.02533126093167,17.60239882542965
122,4,4.061686921163778,55.50813812078607,7.032500465120053,156.19579131659333,13.666276860211271
122,5,4.695705887064408,55.08128229914929,6.790619292314048,155.60359271974755,11.73013887722061
123,2,2.3359461194187006,50.849998027550335,6.396776366863958,148.6740070210781,21.768480611410478
123,3,3.9075369044304735,50.06699977607325,6.092913738619378,147.2354252596953,12.81293072144158
123,4,5.228496756869855,49.443374609905234,6.1419250764366735,146.01957016557634,9.456518157035317
123,5,6.2917854476564905,48.96293156254009,6.404302417925305,145.04036842432964,7.782040867740805
124,2,1.5895213222082762,49.550729184977435,7.39202698918947,146.4614776092876,31.173365327622268
124,3,2.8150764729292597,48.980295509343804,7.335111743496297,145.34816099062462,17.39927700237004
124,4,3.653421464574937,48.578411191469726,7.311223160660049,144.5698092806803,13.296689563341896
124,5,3.9630738027189985,48.37948066894157,7.19019029194795,144.1752954888289,12.207564873930323
125,2,2.1614987655634885,44.841479638711476,5.748871338503202,136.6191801988567,20.745549405653307
125,3,3.065677834763442,44.54643527002944,5.729076784607982,135.74432804500208,14.530696806946066
125,4,3.820344895528315,44.32583486270534,5.835088412153108,135.04131908679986,11.602574102291827
125,5,4.136991176620829,44.22472134091218,5.926473352736323,134.71667487818425,10.690069025028732
126,2,1.8200536943533372,51.56878207998006,5.795006552374544,150.15989420151365,28.333659581931066
126,3,3.124192261637013,50.83853507791935,5.959016155996951,148.95088344528355,16.27253723769088
126,4,4.357450367324109,50.16754884315945,5.651870857322417,147.78979302678295,11.513051096170399
126,5,5.013575515674401,49.83334753684532,5.520288644420503,147.1953992216716,9.93968222512056
127,2,2.162894491776098,47.63870966456724,8.2386003585241,142.98690797246888,22.025443046550762
127,3,3.6528970428435583,47.021308632733266,8.397072595022241,141.5957401595343,12.872333370613342
127,4,4.654939788927121,46.65796913763535,8.680321108592407,140.70133493022863,10.02332385660265
127,5,5.268724734437095,46.42324046085875,8.873957447292769,140.1206545905961,8.811096178420412
128,2,1.5622694658963183,52.62848932107691,7.873892148209208,151.70606286006185,33.68720322137924
128,3,2.6460662234078245,51.99498325370767,8.080356029889685,150.66695469900722,19.64991752558824
128,4,3.0772653348074916,51.74711411919526,8.196223172452907,150.26380185880993,16.815941532800277
128,5,3.282124978015192,51.63173470836982,8.273880156904784,150.0635349145832,15.731190889105418
129,2,1.4116345710621998,59.20497501017138,7.385712871255948,160.7853303656366,41.94072304861075
129,3,2.423748873602906,58.40936485204975,7.3230981121108245,159.7946785744095,24.098769161772303
129,4,3.149847378145024,57.86025709409773,7.341116541710789,159.12059185981906,18.36922554148638
129,5,3.6521624997908897,57.48544611601825,7.3851783685607595,158.64689117085462,15.740111772657585
13,2,0.42881866518974143,41.450753916348084,7.098237670851831,119.93934800224754,96.66266026778608
13,3,0.5973864503066075,41.43585189402173,6.988219630107192,119.74195432141053,69.36188656293758
13,4,0.6620062546588482,41.439712904491834,6.97492422601383,119.70019446742464,62.59716126077291
13,5,0.6651056042254637,41.440772154421865,6.974263780165655,119.69864684806328,62.30705510234031
130,2,1.0574463606297577,48.23682362279699,7.573949810130592,143.26408813581034,45.61633096728088
130,3,1.6971126676611163,47.96532008533562,7.561114046735253,142.6489713011223,28.262896575281758
130,4,2.001067199194912,47.83091003718621,7.57840005862449,142.35539197742182,23.902700427753242
130,5,2.135747372134063,47.782813642078736,7.576243500590017,142.23019751179842,22.37287707422289
131,2,0.496548425718152,45.071279315657314,9.054792954918756,132.47691369941097,90.76914974159826
131,3,0.9107205480201733,44.93838894166883,9.00223209153049,132.02594265119336,49.343773505410866
131,4,0.8926306875709866,44.932037447632155,9.004537659026523,132.00228185222429,50.336648257673126
131,5,0.9272044321770033,44.9243057610601,8.989935618446466,131.96888761269534,48.45134871828412
132,2,0.8460590362057967,45.3629827761637,7.25188058723707,138.11479702922256,53.61680485492916
132,3,1.3286499586768883,45.19342736931841,7.306594446126531,137.64230729855947,34.014547423896346
132,4,1.7378775398276793,45.04207728638504,7.376638370121152,137.22347607759187,25.917865899614863
132,5,2.157926012757764,44.90466622119124,7.453364572148074,136.82899851460843,20.809177769590285
133,2,0.8391666966454764,45.7419081323568,6.6244823773160935,137.6487398500612,54.508726061365806
133,3,1.1972150804667105,45.61076185407169,6.558420946325032,137.27415880218368,38.09738301602199
133,4,1.5197557494138763,45.500985100941215,6.5179659900015725,136.9613623622719,29.93966946273628
133,5,1.5422486559558322,45.50337167324642,6.507834661594311,136.9646066964059,29.504562187476434
134,2,0.5658665404098473,49.11277622500936,6.555587762712806,145.51731714109246,86.79215300752064
134,3,0.8190424586938961,48.94122023053997,6.648148761842417,145.1886794856385,59.75419114540562
134,4,0.9967343505180872,48.83789086926131,6.701807812827351,144.9855737520231,48.99790034716584
134,5,1.1635459137763737,48.74805304048198,6.775324820195356,144.8012539971073,41.89611432118347
135,2,1.0595456109747572,80.30636509860152,21.206400854053218,180.8739843003988,75.79321126797876
135,3,1.6203537532819738,79.7588474971064,20.983658918015887,180.2613840122201,49.223107511755614
135,4,2.125535793832635,79.31270693559173,20.818985776062284,179.75845886607786,37.314218275025034
135,5,2.43629592590645,79.09094260278366,20.755972631016075,179.50529189119257,32.46360240442507
136,2,0.6489330669306786,53.43872956561697,8.338316585981513,152.6529450375743,82.34859874668629
136,3,0.9874953232014522,53.18756360342122,8.280895874899915,152.2565234346427,53.861078442758355
136,4,1.2691308475058554,53.00521543473031,8.270782316094358,151.96807716217333,41.76497255680805
136,5,1.402555662067868,52.92491485797788,8.26497421802563,151.8367167450273,37.734626804473045
137,2,0.5739040294399149,42.00030723791535,8.429910055924756,124.87393958918662,73.183501685934
137,3,0.8840377244878377,41.93412647642217,8.452040951515153,124.50145132635927,47.43476985257475
137,4,0.9762500780721789,41.91914357187417,8.47505477779289,124.39459758427884,42.938939605785606
137,5,1.2100843146496154,41.90529028679357,8.479546088848013,124.15416419689453,34.630057949827105
138,2,0.7627667847293605,47.32119547259068,7.4915518534905745,141.4143231712815,62.038877150362644
138,3,1.0787773771642561,47.16463234245852,7.389256101050385,141.0477701090916,43.72044956044038
138,4,1.3659306678285845,47.03577096888435,7.314787372910331,140.74127549706364,34.43496198771739
138,5,1.5428135128067435,46.959553478023714,7.294807167212212,140.5634083300796,30.43760816446122
139,2,0.9333552391481036,48.3593437887764,6.9423031908139174,144.45740422884356,51.81236601274291
139,3,1.4654504805897788,48.076984764733666,6.9638217343696,143.90865214606032,32.80696623560774
139,4,2.0199927827487203,47.817842080077966,6.791846722830649,143.36824276059627,23.672283510977028
139,5,2.360357837566332,47.656242281961006,6.715033184985049,143.03736106738285,20.190261544916762
14,2,0.19756057744952715,41.68558346554731,8.41685948112094,114.41046271800464,211.00151605996393
14,3,0.6333940241583982,41.67731845506159,8.481378919734125,114.91574720445726,65.79998580258018
14,4,0.8625221471299488,41.67514241967969,8.46339022939629,115.1196280272077,48.31776444834083
14,5,1.2202453340651644,41.68660438030788,8.459371627650436,115.47068039228023,34.16247772061296
140,2,0.7773237282145383,46.02912932818988,7.564890583281081,138.88425105743065,59.21487671779556
140,3,1.156204692489184,45.87354751482746,7.829935123655195,138.4510877212472,39.6759738271836
140,4,1.5858792713958683,45.743218724443345,8.055858772023516,138.08681092680038,28.844073607028157
140,5,1.8981385719419872,45.62994263900153,8.161546677291872,137.7678487005142,24.039310445034786
15,2,1.0491501280715825,42.80965042021249,9.344836898441674,99.23499463402884,40.80412218112069
15,3,1.0678807042767722,43.0002182419975,9.24883901830894,98.37098839371336,40.26687406853267
15,4,1.100996445799327,43.01336087948281,9.239570021205534,98.30435528685985,39.06766516178744
15,5,2.4581901297795437,43.24561980351496,8.876541004197154,96.74001104038405,17.592463293906686
151,2,0.9707087032558759,83.83868316401704,11.784118511134054,158.69030502344236,86.3685284979176
151,3,3.17833831365948,81.7727078648753,11.597069674781952,156.47852511705483,25.72813197895299
151,4,5.158427406031094,79.95318960931654,11.306695042095432,154.5156842910284,15.499527891163527
151,5,6.603368032773905,78.65285069381407,11.269309943734848,153.12882828833082,11.911020283033329
152,2,1.3770488208823897,54.12737679100233,10.126233219716767,121.43535990297073,39.306795501448136
152,3,0.2642904450332126,53.51400428440932,9.21700789501112,120.39647727536637,202.4817895057329
152,4,0.3207733821443262,53.586082875823294,9.316435693831725,120.52897836537109,167.05276743063902
152,5,1.1634427964384426,54.04375904447644,9.87372562827002,121.32984897387924,46.45158210218895
153,2,2.548344294832737,42.03295069189355,7.518720166628203,101.24183529926727,16.49421964378256
153,3,4.0080017800965395,41.696916253290446,7.876218820266561,103.48123053390202,10.403417572397368
153,4,3.1459063595115073,41.65666081360601,6.8917355635809905,103.72710477953014,13.241545017779536
153,5,1.3121611318168356,41.912572598937125,7.494962355134717,102.04658694682522,31.94163526356559
154,2,1.6253784062165968,45.02212953752855,9.704943696645968,94.46340812360344,27.699475450355024
154,3,0.3717411198396244,44.66206298817479,9.251028359655512,93.2205379459834,120.14291506415441
154,4,1.9848936932676768,44.12277286182706,8.923640264726222,94.32654305136059,22.2292875377603
154,5,3.6766929335265184,43.72845491020122,8.870734100655987,95.85324756680026,11.893420413905671
155,2,2.3393191755482436,76.22101822637394,11.131845537777586,151.04632552592773,32.58256449023683
155,3,1.8337045655669753,75.71542460586758,11.042070111962929,150.47119041910818,41.29096126755131
155,4,1.5613916291914047,76.25577479473611,11.326629714669531,151.0690086742678,48.83833938948627
155,5,1.870307520214809,75.922917666877,10.975164683254723,150.77036259644518,40.59381488891139
156,2,0.8739131197459202,49.696037023752034,7.725127305555292,112.772968469525,56.866106403734385
156,3,1.0187343532119375,49.868539101521975,7.628066151065701,113.17970287357673,48.95146458424445
156,4,1.03275165701887,49.88414733780368,7.526087625008255,113.26174654857786,48.30217072590039
156,5,1.3662416965381088,50.06180771322292,7.461754532727746,113.67842028921496,36.64198470420983
157,2,4.422558449353138,60.40364028508853,7.570777846196258,132.21180894307722,13.658076165696047
157,3,5.23215141606347,60.96652039038398,7.274876065522135,133.02051776929457,11.652285154952702
157,4,4.359253817025241,60.35942937525303,7.518922894767393,132.15090729375987,13.846275479774565
157,5,3.510858444036116,59.79230481608434,7.687622304254845,131.3380109055656,17.030679418974167
158,2,1.2144291338367164,41.744260905343104,8.737722105219591,108.34724930511672,34.3735664754071
158,3,2.017735010116197,41.81632269053501,8.607339576148162,107.62516833785247,20.72438762951485
158,4,1.925659822514526,41.79774812911204,8.628449383905506,107.68489827139146,21.70567585373194
158,5,2.420571308172606,41.8532518628428,8.56686657317909,107.28274143246958,17.290650165366593
159,2,0.2237939717605735,43.155984089101544,8.468745573188087,92.2254722940137,192.8380010471956
159,3,0.3850726252736717,43.10526494444138,8.360336379094385,92.34896568559103,111.94060807204959
159,4,0.4982373041685578,43.22562926803448,8.695672610588247,92.49848962469572,86.75710959177756
159,5,0.7309802993761708,43.29829440979694,8.836418551584641,92.85850997863973,59.23318843806932
16,2,2.128165394215639,108.55911911111428,21.487008059858923,183.68588736737735,51.01065870917353
16,3,2.0816900142685992,108.46527045797477,21.37071816200365,183.59534870048,52.104429186609565
16,4,2.038797169544944,108.43975670407936,21.367696806612138,183.56556220768684,53.18810413907033
16,5,2.9318541850254896,109.2870066656153,21.853841600813457,184.44415123269667,37.27573044083973
160,2,0.8154138340021104,58.93730298346794,7.0207289090987075,130.4158041749396,72.27900705511617
160,3,0.9107083926491346,59.05108727103726,7.015046704467965,130.59228711963462,64.840828413645
160,4,1.1876686912833687,59.27530809948399,7.046307329346956,130.9223745373225,49.908958647670346
160,5,1.540362791051043,59.50119141862993,7.0813754518619785,131.24780703330524,38.628037094917
161,2,1.0453561844970773,91.08871379811912,8.447884235716097,167.19608400905665,87.1365322916961
161,3,0.9322421172318456,90.96626563069043,8.51531196984575,167.07253252357748,97.57793922143513
161,4,1.108436330676575,91.11437698906246,8.433526218143328,167.23167758843678,82.20082078276813
161,5,0.789459416651912,90.79992988733697,8.57776447672108,166.9098901768513,115.01532165170082
162,2,2.557535557167133,49.712587441864606,8.436948647969256,112.76038782418837,19.43769153401413
162,3,4.017814656924559,52.60706452723818,7.587459898067827,119.01612687658657,13.093452259087481
162,4,4.572526733893073,52.88676894857474,7.492928139702756,119.54731536900917,11.566202213952863
162,5,4.775273604305674,52.98930648651159,7.455437551249336,119.74312882187675,11.09660110946674
163,2,3.1541093500038615,60.324669503117384,7.546933583740583,131.83178334106438,19.125738082538625
163,3,3.0611928490349545,60.388030275975176,7.544362923808427,131.91890274401229,19.72696038988298
163,4,2.8574941063318153,60.51076545176911,7.433910491863069,132.1149953613636,21.176164495291136
163,5,2.1647296983340603,60.9043331133649,7.118170831099549,132.72781524706986,28.134844215833233
164,2,1.9156797997499637,42.30203503539189,8.31045713423025,122.74448521535237,22.081996594677893
164,3,2.542962503549651,42.38352705285861,8.551459868971435,123.34756916370502,16.666988532873265
164,4,2.342147482668002,42.35401164893246,8.477784695527125,123.15616363764998,18.083409256470816
164,5,2.725520732854033,42.40920916689318,8.653164464275257,123.49970700313906,15.56003904137758
165,2,0.4098502673492512,65.24868270956546,8.876626861904144,137.85642718979247,159.2012652317037
165,3,0.3538987826961058,65.11386922884857,8.8028722349291,137.71032370483573,183.99008578919367
165,4,1.0597227903508821,65.81956881717215,9.03222033085207,138.59293838760425,62.11017522259482
165,5,1.0554351502530195,65.82267992485967,9.066180745391828,138.59043596066974,62.36544167154712
166,2,1.29247416458999,63.34284169298438,6.633894412311473,135.34485665134883,49.00898055706108
166,3,1.5389284731864161,63.53008558401516,6.49951391729712,135.6128340509599,41.282025953846436
166,4,1.001426159760663,63.0349454717475,6.842409152598315,134.92804851920334,62.94517496663045
166,5,0.6818253798634293,62.54251626325275,7.220416449129073,134.25771499354988,91.72805412215598
167,2,10.920859654758903,53.702937669870984,6.889145533436203,121.33129822757489,4.9174643131041975
167,3,13.032520356382813,54.86281030747413,7.582820547565317,123.60093881463037,4.209685368993699
167,4,13.312539124875936,55.024392060877105,7.7262365611760275,123.90945294939795,4.133275515917564
167,5,13.82042118757694,55.30496086936275,7.923008177072684,124.42667341972538,4.001684180150679
168,2,4.030149872133738,65.96353658341718,7.077511857521091,140.0383915368957,16.36751448769771
168,3,8.292553153658256,62.91393832498911,6.775444446610291,135.95728313760003,7.586799515583046
168,4,8.80110400190993,62.508100348008476,6.598104516362142,135.41116559173793,7.102302195658697
168,5,9.171937822041107,62.28668868280054,6.561906688006029,135.08339642269883,6.791006417990446
169,2,0.2451326166421654,64.58342762163387,8.130619110664341,138.13884765180768,263.46320563810593
169,3,0.30530589123208746,64.53800439323936,8.125933884566226,138.07480089684447,211.38800178047939
169,4,1.4437992241159376,63.714435505558846,8.225854091431959,136.93457462400625,44.12970584831503
169,5,1.6624921102896277,63.53891435806442,8.118923972174336,136.70924306192907,38.219077000494366
17,2,2.0191696737515143,63.71600932588322,8.524213326108898,136.7966387424023,31.555549708681305
17,3,2.2128234278022325,63.83897577476074,8.462857788710982,136.9656976377648,28.849556943488164
17,4,2.389063172129131,63.97156543779572,8.39323511352809,137.14116063599258,26.776841197135823
17,5,2.389063172129131,63.97156543779572,8.39323511352809,137.14116063599258,26.776841197135823
170,2,1.549251846294321,62.35160563242769,8.375301853185677,134.99818195493296,40.24626814491444
170,3,3.3930725920220213,61.01126622287919,8.204868415792594,133.16387640958388,17.98112607037084
170,4,3.8810941062079123,60.67738358202245,7.925185067597656,132.7108702990107,15.634092285633182
170,5,4.695575929968031,60.11992267218229,7.425849015459632,131.90365498862124,12.803524730683325
171,2,1.241910875795929,58.56328284055543,8.284764209375625,129.22847962473062,47.15578509727192
171,3,2.0433611645896836,59.06760335569972,8.378624298306084,130.0355630712696,28.907079223309978
171,4,2.5972153953474035,59.3982075933758,8.4978453351964,130.5696377245411,22.86995813711905
171,5,2.8959225216161326,59.58919648182175,8.577508825276619,130.86711116903567,20.576930436245718
172,2,0.4279082133756617,46.993997387794174,7.488226625616089,105.23629899282602,109.82260872920412
172,3,0.6248823618765579,47.050679036906125,7.572491958253243,105.39654343704511,75.2952574027816
172,4,1.763461980733844,46.5383195703298,7.376965106674056,103.85712916852083,26.39031621598117
172,5,2.372828294018242,46.372486690275785,7.419933926594315,103.33740068900822,19.54312775675626
173,2,0.6329485380688068,54.684914117748264,10.446225687870983,121.5139622429499,86.3970922827736
173,3,1.0759343254546136,54.96469542652902,10.581675552750747,121.99852294595874,51.08554826750169
173,4,1.0477492629101368,54.90105862436709,10.596230454061772,121.88315853415119,52.39904244636573
173,5,0.8092327674942325,54.79036146930935,10.536785713467742,121.68228709449399,67.70655241989361
174,2,1.458750036043523,50.35854860103868,6.616389729364791,114.2334613112006,34.521711747412134
174,3,0.7695021179556188,50.686341779467824,6.6400682802825015,114.94492968991487,65.86900794430443
174,4,1.1466979825173707,50.49501447467535,6.596539638714993,114.51995059243302,44.03514683393015
174,5,2.0549301495460495,50.08429857244952,6.5924556092289786,113.61774226175329,24.372749769517007
175,2,1.9353089396445646,48.59498455217791,6.910666950705588,109.46962912338643,25.109677997976902
175,3,1.874506264950875,48.641455295120416,6.915521996317448,109.56154975805202,25.948942366914807
175,4,1.566492624325649,48.726839928966214,6.965797245742865,109.83041155006218,31.10569361211352
175,5,0.4433844732589993,49.15657851485438,7.326997875782716,111.05362813707949,110.86670907727725
176,2,1.5347503489828556,44.55000092201611,9.583713872891922,97.15632393617352,29.027522724634707
176,3,2.5707688608730477,44.33378759522859,9.346290199255067,96.14595156380531,17.245341694281752
176,4,2.2757000499911095,44.38656975616141,9.373684388366723,96.40411911265406,19.504578189594465
176,5,3.229365010774823,44.18650632687554,9.141591115257519,95.4972768510933,13.682722777579926
177,2,1.5337310723693225,40.82433073088712,7.405533099839512,113.20702839955001,26.617658858306047
177,3,4.771077590047199,40.91340214961093,7.53556919542645,116.173620575972,8.575295893155499
177,4,4.768049277933575,40.88882805674235,7.522787202570739,116.25623825086502,8.575588377456382
177,5,4.537078115232703,40.885919932074174,7.42192238995252,115.96904551486058,9.01150890585054
178,2,0.8988372217338626,72.37537670033572,8.316665287136885,147.54560592307482,80.52111566487201
178,3,1.6423010784638876,71.70496520777522,8.148526093583115,146.78836635883536,43.66127850213133
178,4,2.2689992795318656,71.19835300941409,7.928464308690591,146.22988840884233,31.378746277220547
178,5,0.6556331777720618,72.57911712996172,8.260965179718143,147.77626536989547,110.70079807368546
179,2,2.8254813970714454,70.19445632920412,9.336521558672844,144.7432861400387,24.843361613891933
179,3,2.807771998532434,69.64208764158955,9.494956130744173,144.05322140376134,24.803327132672027
179,4,2.7353143418203016,69.77221791737841,9.437291752319382,144.21155799883746,25.50793398606865
179,5,2.7838548955881466,69.76748778704041,9.458266953820727,144.20925651677018,25.061466977676623
18,2,1.0467329477191603,41.83990089352145,6.6247770425234025,117.05479243784573,39.971895969236456
18,3,1.3311209590883695,41.84393323856753,6.590597341421751,116.7845808945942,31.435109362918936
18,4,1.6787790599935077,41.84164069248778,6.6194050297324045,116.46067799077618,24.923851768445978
18,5,0.9456090832008396,41.88791886876355,6.86555488918588,118.69720628549605,44.29728856241751
180,2,2.346720294662837,42.00780783065424,8.004559428413591,116.68657030659395,17.900645316438624
180,3,2.7703200722900125,42.013263767619556,7.856444099308978,117.13233090592446,15.165490816819403
180,4,3.294153918200635,41.99035234103788,7.7734266351650145,117.53267699377881,12.746930852734698
180,5,2.889418683093248,42.01584117299934,7.832461397563272,117.2004061685728,14.541278241686587
181,2,0.6537708252622965,41.91411337409839,7.6620082016300115,119.34021922046871,64.1113232854479
181,3,0.5011340810177686,41.859977448999835,7.816118082517249,118.48297619485696,83.53049253541127
181,4,0.6083232276330078,41.884375175118166,7.64574726378992,119.15415358583101,68.85217033314511
181,5,1.4482787614382973,41.984568377966376,7.613927970204213,120.1008375579897,28.989286597269643
182,2,1.766782832385891,46.42732143391121,7.352695446078463,101.49772554358846,26.277887876257072
182,3,2.7351415511059685,46.30623119661752,7.49525032830713,100.69449229726841,16.930104041084206
182,4,3.8424386133440174,46.12413733270942,7.584602896635639,99.7191055991964,12.003870940837114
182,5,3.813831236137304,46.08691687261985,7.532510294024651,99.68446562709637,12.084152102769954
183,2,0.2437165634792108,42.174566833506425,8.70757154210865,113.03508394942136,173.04759471806682
183,3,0.3173057889524861,42.16195917414612,8.667298092633512,113.01503983189666,132.8748460108021
183,4,0.4164121667476752,42.13563380212356,8.613046746446516,112.96771229740195,101.18732389436255
183,5,1.2105348097562356,42.20987502885564,8.937567718951387,111.9831937345465,34.86878224399643
184,2,1.5803526016807274,63.73659056412797,7.87684602940156,137.21766905404442,40.33061361941447
184,3,1.328399628350936,63.93671774405429,7.78455911471822,137.47076526830696,48.13063471127167
184,4,2.010305625414983,63.48746637067818,7.891690624113771,136.86462669488571,31.581002038813164
184,5,2.963885137502379,62.736389921342926,7.428096632134027,135.87711273978917,21.16694365644024
185,2,0.290388948945376,62.77668603432097,7.292956899353835,135.78234794912404,216.18138052600568
185,3,0.5173583960260651,62.607959599698404,7.163772984480035,135.54483656053827,121.01467545603991
185,4,0.988023998940548,62.24243886435067,6.9650195880961006,135.05474501986114,62.99688904431871
185,5,2.3418160285894185,61.29819547953627,6.5320274405944465,133.7482976560314,26.175495627939647
186,2,2.573732994385211,59.49210782109377,6.622572323942467,131.37299296253977,23.11510468247062
186,3,3.222554120722827,59.90544931095757,6.5004318791612565,131.9682145983144,18.5894315132949
186,4,3.1977634118834204,59.89033293645171,6.485129286939115,131.94488676348394,18.72881918862449
186,5,2.9688388516969613,59.746106471504056,6.569473779383145,131.72491638938703,20.12440191427356
187,2,1.4352006176748917,43.52158559970138,8.34249821145194,94.83063114591604,30.324391419901257
187,3,1.072125352044675,43.645594113851814,8.49176539409704,94.35461928872203,40.7094129651166
187,4,0.6196279480371504,43.78029846643516,8.302711359087004,93.85065644406167,70.65578287513338
187,5,0.5985600676070997,43.78728308765865,8.28431281142703,93.79015024067729,73.15436616272464
188,2,2.2485044020290745,66.95741378118802,6.693135372858256,141.42270847862096,29.778644606156202
188,3,3.1519828972314436,66.28458165087781,6.417578293751093,140.62189728144497,21.02948639055252
188,4,3.730722191225809,65.7260576716605,6.113010052790134,139.9243687014249,17.617515892784724
188,5,5.45448269210397,64.42492569710201,6.074943980902102,138.29416072115993,11.811372263083946
189,2,0.6225789004111161,66.57875493189671,7.138809691553578,140.856121113474,106.9402670384897
189,3,0.29039759160287004,66.20402101148308,7.092074135671372,140.41051284959562,227.97716181561182
189,4,0.6290008910627346,65.81508864190901,7.135319585303145,139.92359074614842,104.63433125566353
189,5,0.7374753847429428,65.61513458560536,7.155706799617638,139.67737233278885,88.97264241402442
19,2,1.395135585921514,50.36142948128632,6.598663803410381,114.32082937667212,36.09787437759527
19,3,2.3345853680436583,50.72436811448198,6.35447966342589,115.21403866998135,21.72735621131497
19,4,3.1746952079972504,51.044147176428126,6.2553176400716834,115.96940716584169,16.07844018759987
19,5,3.5092594429608464,51.1799105775442,6.238909919984486,116.28312023083663,14.584248119460783
190,2,2.051829308837432,57.67853029813061,6.492721153414776,128.9427051298098,28.110783761882935
190,3,3.656403170416545,56.72023629940434,6.95409741233399,127.39952620518226,15.512577114907403
190,4,3.8663911550746763,56.59483373126333,7.009726136626284,127.18767403841542,14.63763786822388
190,5,3.6208215114614375,56.741827128458795,6.941804887473916,127.43046708653692,15.670981514039564
191,2,3.2327670558183144,69.06916523462095,9.183842077552542,143.53626026581458,21.365339298622615
191,3,4.05463514755869,68.38124802059271,9.228766439728616,142.7128671490648,16.864957107944896
191,4,5.0551372911717944,67.53551950062163,9.286701383639548,141.69811930980944,13.359779463352403
191,5,5.404786030190377,67.29127027531308,9.294314591480646,141.38722246963275,12.450311589567166
192,2,0.6066074664422637,74.09124592075753,8.316988770869058,149.68832818977103,122.14034412384868
192,3,0.4840997207952789,74.21796766695712,8.340341325061406,149.82247616566204,153.3113177836969
192,4,0.47313249769901267,74.27879822148397,8.322237667943858,149.88948097469736,156.99364768386843
192,5,0.3114001248249654,74.54675538638834,8.223659638103685,150.1863357421854,239.39217440702222
193,2,0.9419911806942121,41.94685582613497,7.824662483596619,121.05898857019106,44.52998737198563
193,3,1.6459756360641853,42.001118507713,7.971322536377291,121.72199067172679,25.51746048499867
193,4,3.288394791298422,42.215629659303254,8.613003385474746,123.27468642236256,12.837761950795695
193,5,2.4326652435001943,42.06856377698441,8.342014764424679,122.33875796975573,17.293198773014435
194,2,4.22476719987693,42.21847991639295,7.7998821883863805,103.13897967739953,9.993090227005148
194,3,5.3622686647911975,42.051218512934916,7.970832059348033,104.21291475765005,7.842057357294272
194,4,6.541544554509956,41.89829527477194,7.677225186725468,105.18449720920975,6.404954496845295
194,5,5.553737927533071,42.028837959861725,7.961645445136174,104.31523407357636,7.567666755722115
195,2,3.7502690826979563,64.15401084763353,7.002542308425412,137.94177182154735,17.106508696281555
195,3,4.122969258138059,63.80850845726435,6.6094986567790075,137.4910982993766,15.476348308092144
195,4,4.787354809035957,63.373957991346984,6.335376420886983,136.906695703391,13.237781695092485
195,5,3.291940409913124,64.45224491030064,7.136615780153479,138.33988651776764,19.578800551925408
196,2,3.8481699883926064,91.28581505093182,7.87302246145309,167.23277179579964,23.721876915277186
196,3,5.662710455164699,89.53700798592085,7.8809887312024,165.4319369146814,15.811687448391673
196,4,5.14031486118502,90.02419055427485,7.815696786552157,165.96224927257344,17.513361109242936
196,5,4.900190496053404,90.23617888475604,7.802748940266765,166.17473744767213,18.414830764902636
197,2,3.530577913578027,55.71126999786658,7.7887504984359,124.02941416399172,15.77964605335961
197,3,4.522739392387002,55.181628649332055,7.674320784354084,123.05327427035338,12.20093039634528
197,4,4.045957559757815,55.41779494767277,7.748152857391833,123.50011473414834,13.697077636676749
197,5,4.758627494762452,55.03267879587066,7.66329946357322,122.80201535361833,11.564821735005262
198,2,0.23555776130215036,50.75044249137028,6.650664481124164,115.65073691799404,215.44796510352697
198,3,0.9900226326071373,50.97443530467215,6.822203955773913,116.09581955482443,51.488150988582916
198,4,0.9564071803414945,51.05710159134869,6.757057681233257,116.32895290288604,53.38427199937534
198,5,1.28617936522851,51.17672425722416,6.804717230913974,116.5845815593241,39.78972547910109
199,2,0.4964235342644255,53.69958987643544,6.946356254478113,121.44025932675305,108.17293115298287
199,3,0.46353520802252896,53.72244707832599,6.9434779004544795,121.47649893788007,115.89722849432974
199,4,0.918016665634179,53.52654976196403,7.034061957735646,121.0531256475204,58.30672925956069
199,5,0.5754030424163658,53.63608215565896,6.971237027043155,121.32531353205584,93.21480296362333
2,2,1.5261836272415155,41.05876141919393,7.699993535708109,111.33822160000825,26.90289714637824
2,3,0.5222137057762442,40.98727504167091,7.669331387306865,112.30054751916175,78.48754983531103
2,4,0.6155658329628894,41.00494843162729,7.7719575942151895,112.20278266772453,66.61342389346862
2,5,0.6090982993729332,41.00654292211625,7.801067054575098,112.06515028824845,67.32335698703956
20,2,3.3512124489543345,62.540101575898206,7.8261602789914075,135.60250066050526,18.661932760721577
20,3,1.248354031451435,65.71844813330033,7.1616445337395325,139.70353569832918,52.64407848344919
20,4,1.2629471529373892,65.67732191719918,7.2183019973296005,139.6423579522508,52.00322218108118
20,5,1.3394477163544614,65.76705847741789,7.1079865311729025,139.7603546897981,49.10013073553405
200,2,2.283097875705207,60.9566127913688,8.344125004743482,132.7579649961518,26.699079865575023
200,3,2.7595894932552385,61.30371042432995,8.437128140578025,133.28992074663378,22.214793306038995
200,4,2.708296051752051,61.268211302682154,8.440453422506852,133.23094459856057,22.622420114234675
200,5,2.818392080356756,61.32430491635996,8.471044719109972,133.31185086620926,21.758613759307504
202,2,8.631350624345544,54.53649750215849,7.244617934782106,122.05350378568508,6.318419887282637
202,3,8.512979679602976,54.489537933052354,7.267413826642033,121.97793498161326,6.4007597715287865
202,4,7.878346279385733,54.112654366416606,7.569554751328232,121.3369491258697,6.868529559219936
202,5,7.824638274731801,54.0455635589312,7.735754059416658,121.17371698175631,6.907100570308813
203,2,4.009275365319706,54.54642932651876,8.030265921700014,121.98819432233054,13.605059323761004
203,3,6.02254829298413,53.445136333315325,7.841676957472148,119.9141179849656,8.87417313146889
203,4,6.035539372938201,53.44805569046825,7.909280818636895,119.89320633643862,8.855555783723318
203,5,6.342046464585348,53.27528111796909,7.9315324626027985,119.56267803649712,8.400329661956995
204,2,0.9202259895427661,75.09854910786983,8.954100961680567,150.610417139099,81.608810384823
204,3,1.1588602617066506,74.89252065165346,9.05187102389325,150.3686759314301,64.62601443861686
204,4,1.702287633910765,74.3989061547874,9.262368769023956,149.8139998005876,43.70524947468128
204,5,1.7475216055433125,74.34402545537392,9.194965707963572,149.75947580664072,42.54254985696416
205,2,0.7308438276315261,78.83567289429052,8.609233993883452,154.41288809026935,107.86938171330326
205,3,0.5304167966760956,79.04209382511557,8.82188334475624,154.61752218182508,149.01883354797883
205,4,0.24185839281624275,79.29871299397063,8.769141444144779,154.90933778322278,327.8724744338098
205,5,0.31536988435397617,79.24703549637402,8.811385847696585,154.8543292706302,251.28281714622352
206,2,2.999713350502446,59.12781636632028,7.644888006096296,130.44291308214477,19.711155454005276
206,3,4.699758280512143,58.001985553323564,6.73462189455707,128.72352422846225,12.341482682294062
206,4,5.50962227053326,57.52544911413064,6.466172651244262,127.97101412040813,10.440906142945778
206,5,5.198599006696183,57.73332351164587,6.624043751953965,128.29245906648893,11.105554270722845
207,2,3.0964321612272894,41.37555296946173,7.260042149874309,122.62735511211898,13.362331445181402
207,3,3.934829084024685,41.47208691650285,6.964041576278529,123.39673314890149,10.539742877138206
207,4,4.781704588328327,41.61095900587504,6.637609979974795,124.26254278927777,8.70211828234269
207,5,4.579657566269043,41.573719664613975,6.67032019543019,124.04987472052963,9.077910077827973
208,2,3.5271144204403932,55.959218566065765,10.358788444344889,122.70198186679293,15.865438921719003
208,3,3.225116133428745,56.16338816227346,10.452540713136965,123.03251660464994,17.41437692924882
208,4,1.2650786340592413,57.272859572157365,9.939936949170855,125.08994410420836,45.272173268522415
208,5,0.886380470753318,57.60026645350665,9.65377280639003,125.71383753886238,64.98368105370875
209,2,0.5106780212976274,57.30362053827888,7.956626348590531,127.17827174865555,112.2108589489761
209,3,0.42434443162938523,57.38223754450761,7.968035941519661,127.30358528681143,135.2256137117597
209,4,0.46004377614034514,57.424378848505995,7.975075962861625,127.39178243426252,124.82372456387792
209,5,0.4993383341399685,57.447664483137316,8.012724891109741,127.42910131000232,115.04757276768292
21,2,1.832063296753757,43.830637537968144,8.127332297929604,93.48066558215731,23.924193763605196
21,3,3.9850941707108505,44.32415620231944,7.8570956183637515,95.35712818992597,11.122486494011296
21,4,1.6224366880628103,43.69697583372131,8.175564354186223,92.93526589642802,26.93293111891238
21,5,1.3217395216886478,43.55663819006465,8.33187713748346,92.69154897253456,32.954025468555756
210,2,1.824580032236742,68.54593252634706,5.728269829096361,143.1510535366136,37.56806001358921
210,3,2.473380750730277,68.09419004947601,5.948009781731728,142.5838534960269,27.530815768685322
210,4,2.5871320206506403,68.01287611491529,5.997508334835796,142.4787332327698,26.288908068526624
210,5,2.418850962085638,68.1325887066366,5.927045212186485,142.62895054400389,28.167336265404447
211,2,0.20223860072475144,46.217551356530244,7.741356566370486,100.25779703026376,228.5298103606573
211,3,0.4830820472514815,46.13330268323952,7.888751162639827,99.85579308022469,95.49786002344437
211,4,0.7508779583157201,46.07110806364532,8.01765721501655,99.57507841865082,61.35631887959974
211,5,1.1860704544675573,45.97646988187215,8.245363042867277,99.15031422276805,38.76369175292768
212,2,1.603082887363454,57.95144411505267,6.215105940177871,128.80355022358052,36.14999836275704
212,3,2.601033676258396,57.38013408328658,6.46439287736676,127.8613818587506,22.06051170595498
212,4,2.1833380375879994,57.61696641601315,6.330767833243546,128.25405078350695,26.389393286882157
212,5,2.3132202181035386,57.53794767947417,6.393978198446458,128.1276501775403,24.87352781219878
213,2,2.558260383084861,59.28940028107988,5.6489069810273245,130.99107171425572,23.175670639839034
213,3,3.2014498715401856,58.85537088617148,5.766730032705854,130.3113764334545,18.38397384433104
213,4,3.488808973051829,58.67625950332983,5.841673145513544,130.02452209019998,16.818421354786494
213,5,3.1303168701280035,58.88589109957702,5.795649393419649,130.3577794858668,18.81147927016548
214,2,2.2241671494800954,45.578824404914556,10.477124200087754,97.09959063005402,20.492535469127564
214,3,2.5360347868488615,45.7453125974779,10.59978236526216,97.6020806203002,18.038124971439085
214,4,2.6855790731521836,45.78366274431106,10.640174364240794,97.72612387161661,17.047966686787245
214,5,1.8644664416799706,45.48179079257584,10.382053037624603,96.75023882658749,24.39399794595105
215,2,1.8181036951573453,41.35851575511195,6.674085880272181,121.17565369484902,22.74816097552182
215,3,4.281856733170217,41.63028322305266,6.5670089887885865,123.58254354039377,9.722483894272061
215,4,3.7548824869042123,41.55740509581915,6.530407084643193,123.05507047999987,11.067564732074034
215,5,4.217995507236554,41.62709731812244,6.5649471717474315,123.53037487605549,9.868928771502034
216,2,5.448525562283264,48.29808516944249,10.517586980660006,107.02649408275133,8.864432134655955
216,3,4.7750963667783815,48.42577167248405,10.457765137720862,107.47611635793399,10.141318174850225
216,4,5.3831241297246475,48.211301742447084,10.361535738605676,106.8428508604947,8.956007792328776
216,5,5.669489048729603,48.12463211228478,10.391589259452967,106.51530959500849,8.488354349707196
217,2,0.8981866109016506,62.59790019261103,6.788092596965186,135.3906812529183,69.69364577015376
217,3,0.5146677972085729,62.86387263518431,6.931962751461803,135.764109726236,122.14455956773736
217,4,0.5921618316056377,62.860551602779054,6.930757962426728,135.75162529614866,106.15434360365678
217,5,0.5677452112114227,62.83178937912281,6.929162195715793,135.72380933254786,110.6689885386545
218,2,3.9814869736715828,59.186549148979886,6.0434835426289535,130.80082899278196,14.865438312798451
218,3,4.306973826980913,59.83606388249479,6.0770569682375735,131.7502365427747,13.892831985354816
218,4,4.147501017469833,59.88032254242083,6.146957470003395,131.83109885646812,14.437687211123029
218,5,4.551162841472648,59.64014220770349,5.919479639977852,131.46654708186,13.104374454191497
219,2,0.7488856087629092,78.55690812527794,7.281935460452837,154.4736387541816,104.89840658850785
219,3,0.9697498989140172,78.78471679921044,7.368473954762683,154.7167665521275,81.24230389197787
219,4,1.299828479850904,79.07165889404925,7.555503327895659,155.0179659130659,60.83237866491071
219,5,0.4976998241440907,78.24827749726646,7.1582374889272335,154.1511124393687,157.21981831043277
22,2,1.5791619342373555,49.373018885708404,12.652113625218893,104.46742428535974,31.265329731304245
22,3,0.6462336071245945,49.40426116400342,12.819831226591408,103.93869460207334,76.44953752766196
22,4,0.6886833411095221,49.38594803929264,12.808081081944446,103.88804434411064,71.71067510159503
22,5,1.065377699293732,49.306739177044285,12.836279268889975,103.55041791873428,46.28099381742375
220,2,1.3759460030172934,41.33055244569141,6.907620365810308,107.64874452716502,30.037917225442737
220,3,3.290034065259884,41.19396839830957,7.141705617829382,109.6137574659493,12.520833357951044
220,4,2.3810448662224464,41.27963906822904,7.518946346451078,108.8141537232977,17.33677490939173
220,5,2.4833583465631763,41.28115765154304,7.519606260800341,108.89242241937028,16.623117458035242
221,2,3.9577721934439705,44.661837922771056,11.31578580606017,101.1038637545649,11.284590326827619
221,3,6.586910736775423,44.23307995076524,11.18802536655751,103.48119951679857,6.7152997286959195
221,4,7.929525460316492,43.989475631318136,11.249687144846034,104.68055602662737,5.5475546167282035
221,5,8.350547876566248,43.91783461266086,11.302786251545902,105.06719217706033,5.25927582348371
222,2,2.918068141423471,48.041323090209325,7.478443881308631,108.98855698419577,16.46339996095504
222,3,2.0955830307521404,48.739594213250534,7.874775528778059,110.6274740392221,23.258249978849356
222,4,3.7858902064093445,47.76783084079865,7.327468932831252,108.16536918303026,12.61733122470285
222,5,4.258499799759965,47.61122113935264,7.1418828215487435,107.70937622569974,11.180280208122468
223,2,0.615994310679423,67.26300451298953,9.341087700609302,139.46575892829838,109.19419587959914
223,3,0.9828046395354633,67.7769007292557,9.417240006443132,140.1603929022072,68.96273919877305
223,4,0.509469598073537,67.06754848262038,9.210012881097361,139.25249072831662,131.64190251941355
223,5,2.4721296403186135,65.70791314429536,9.081473415151049,137.50527107134374,26.579476984884987
224,2,0.2348790866338935,41.97755205828394,8.732477782656641,113.92650313575805,178.71982930739227
224,3,0.3193399397335742,41.95209184091977,8.627206571571865,114.11188168123849,131.37126086454407
224,4,0.9751677619299878,41.93491954894853,8.288651712291706,114.75994482738149,43.00277424668547
224,5,1.016738982905927,41.90992859592058,8.33350181128016,114.65680648988356,41.21994817582281
225,2,1.7951954617291759,64.29743706652341,11.037966881994011,137.13536611768436,35.81639887080963
225,3,2.7837085344703887,63.63152294136009,10.415622495037214,136.25083641071706,22.858543530988168
225,4,2.0530208875964955,64.08197773939054,10.88033002311627,136.84532780199743,31.21350484761862
225,5,3.0271597408169697,63.385673064665184,10.207903330060436,135.93437510753301,20.93899175540989
226,2,4.011479626657237,43.59219938921177,7.504888012020895,94.08868041645445,10.866862937770543
226,3,5.2262425540389215,43.31127944949569,7.158900216785881,95.1207967789389,8.287269279752692
226,4,6.550218915935453,43.01638919751047,6.583587448763018,96.35063817585038,6.567168163981205
226,5,6.239489830766189,43.08466021140412,6.701779162919812,96.052290195203,6.905157522640259
227,2,5.853096397839407,50.30325060842913,6.490279497819855,114.31912829663128,8.594297292123011
227,3,6.534320895797098,50.02035549237226,6.084001628596029,113.6504894884589,7.655019735562017
227,4,6.338979219943467,50.08828230225209,6.153887108677015,113.82691083656707,7.90163218482399
227,5,6.856936543894775,49.89040252010795,5.946555806163204,113.34620415693368,7.275902602856949
228,2,4.029822090052737,56.8738613134329,10.493763974872117,124.00123122663052,14.113243687032389
228,3,4.720072230914427,56.55464655420413,10.506754997313626,123.4027102190528,11.981733259075652
228,4,4.671306945180939,56.5792112062921,10.504058899836691,123.44903890171635,12.112073077009034
228,5,5.1331386491161615,56.12464473631211,10.159337476839791,122.72227783601159,10.933786999234464
229,2,1.040850659128785,47.511461500681996,10.993196039007065,105.9216442958599,45.646760779286566
229,3,1.1009291250463196,47.47235967565909,10.86474757482864,105.89817899855211,43.120268293800564
229,4,1.4223073040153336,47.354500783133325,10.848498227053463,105.55842853487789,33.29414136910134
229,5,1.8565469848999672,47.19355209439702,10.740510688791058,105.15144643908936,25.420068667284053
23,2,0.0,41.75453623527076,6.833586985247037,123.7105342171828,4175453623.5270762
23,3,1.7602698926212834,41.58518489231322,6.603227347097372,122.22044993867061,23.62432308271997
23,4,1.9991821317906315,41.560046614302756,6.515416244260719,122.02805127118606,20.78852433979736
23,5,2.1171629935656604,41.5542410628185,6.523311921402531,121.93944282033401,19.627322503196083
230,2,0.4683682301572665,50.96114796861773,6.6527860993519905,116.0536812982886,108.80572933704096
230,3,0.6392335765924249,51.04059435129891,6.637279033519214,116.23610420308454,79.84654658617363
230,4,1.036591763246132,51.22130605908898,6.718439304270183,116.63616641270502,49.41318982176296
230,5,0.855570120849442,51.146786978606805,6.689640794517894,116.47027624983367,59.780940374608875
231,2,5.119871131498976,43.87231684748947,14.83730206482933,101.37682052247656,8.56902754678406
231,3,6.28889687633698,43.82136496264861,14.690654215488461,102.61013895146922,6.968052705372425
231,4,7.1458047808995175,43.79096402537374,14.606245123959965,103.44270861600495,6.1282060323203025
231,5,8.06931200623459,43.832567596501725,14.754151896591248,104.32538992412101,5.432008021045077
232,2,1.4180389442160686,47.870450039547514,7.91387944532873,105.88331532351877,33.758205229285565
232,3,2.5662339309197253,47.5959944381066,7.828116928644426,104.85256941937847,18.547020861647727
232,4,3.39431385695939,47.39673585586504,7.684058183199695,104.08572576006671,13.963568990254519
232,5,3.902511811940034,47.28538044754345,7.647502437035198,103.63022215563264,12.116652711134321
233,2,3.2395377217032104,59.307490578697745,5.680555816966117,131.32302817982244,18.307393057439835
233,3,4.894830880932796,58.257958001976036,5.986092710973353,129.69349276207524,11.901934775702529
233,4,9.000725265658703,55.839428558510434,7.668076704940015,125.77373433884057,6.20388100384765
233,5,9.502415830187772,55.56466105181313,7.520564964965714,125.28453225955255,5.8474246956040545
234,2,2.390349893797321,41.8133612018751,9.889275663554907,109.27671933822616,17.492569240783617
234,3,2.9351367148996808,41.80293858149888,9.827167987111588,109.7790779205374,14.24224576213827
234,4,3.0365011841939338,41.80035800116148,9.82066381289994,109.86730921519542,13.765961324529547
234,5,2.8343540767543858,41.79369861665367,9.828556764073777,109.69965740071349,14.74540489205834
235,2,4.372869814811947,47.0567074418246,6.458023191783007,105.19705274729084,10.761058372884047
235,3,9.499478166632194,45.84549896861543,6.412574427567222,100.40200099345381,4.826107088849465
235,4,10.123413237403803,45.73942930142868,6.681578450744843,99.84956195832748,4.518182571788104
235,5,11.489971638316389,45.457647628345526,7.440579814475603,98.5662917995695,3.956288929138165
236,2,1.189136672305885,42.20514217463328,7.834356538421067,124.18500979868246,35.49225484558447
236,3,2.094515455123236,42.33146144886613,7.571111976446126,125.03690359548304,20.21062253000622
236,4,2.7491526138684708,42.40436866815931,7.423514339805786,125.62961489137714,15.424523287648537
236,5,2.61180604072269,42.38969004783535,7.418143249669046,125.51256767834028,16.230029804895377
237,2,0.789112660702,54.73906780325392,5.9409364541419585,122.7259942597682,69.36787335395042
237,3,1.146751306828576,54.527578037673635,5.885389582672391,122.34958263934712,47.54961013559035
237,4,1.9681896043363805,54.149654473513024,5.749826216429777,121.55866260076154,27.512417543047956
237,5,0.730614376722528,54.751555325818664,5.972576725890441,122.77743673316508,74.93905994847614
238,2,5.6190614791516555,47.93714571637904,8.330586266714747,107.68870191656728,8.531165891124001
238,3,6.964821814417115,47.48954068144232,8.043324142436909,106.38086047065684,6.818486083155001
238,4,6.817984337378024,47.531821155120156,8.064921349778635,106.52356968916354,6.971535681714986
238,5,7.03934554716853,47.4676659420398,8.04265493788644,106.31824942879331,6.743193036418139
239,2,1.6332377751789033,45.477652682621304,10.983472687625813,97.16743171163102,27.845089732380718
239,3,2.564886821767918,45.2631502869299,11.054145640596259,97.94670719791829,17.647230952381257
239,4,2.6078221127296333,45.25570034200294,11.079785670859755,97.97347976812812,17.353829445481253
239,5,3.0513868225929794,45.15868701340534,11.04012368583787,98.4435527955834,14.799397615224946
24,2,0.59741785423624,52.289034154568355,7.444392432208128,150.46252250399993,87.52505956850904
24,3,0.8247887133357248,52.02185918616933,7.452681402544526,150.0434467109626,63.07295155027741
24,4,1.383879412360951,51.62469045743682,7.469580459540933,149.41199716068832,37.30432696900943
24,5,1.206465612316019,51.78943349504349,7.541271563567323,149.63561638165015,42.92657207722566
240,2,2.936275092088768,50.883401261017546,8.917797672503333,113.96471929907727,17.329234997368197
240,3,3.3779355654110548,50.696267055097685,8.658794154437066,113.53074394427492,15.008062150187264
240,4,3.8844778744662505,50.46379128417901,8.391900504596537,112.98903348737592,12.991138779803615
240,5,4.272551074930613,50.3525977026576,8.281215265087244,112.64321610724978,11.785136491463469
241,2,1.2353279509459267,48.132684840056996,7.355581681259197,108.70696475253122,38.96348691338646
241,3,2.5133022939671785,47.65686774085869,7.178772046153751,107.2040910919402,18.961852565699573
241,4,3.289554729381125,47.407793783212796,7.077305399405308,106.40804420103512,14.411614196799103
241,5,3.9026926756265428,47.2309008803222,7.017085414797305,105.81574534473276,12.102131703649553
242,2,1.9781116135542656,41.62101565883705,6.711654732140503,119.06787455553795,21.040782109177705
242,3,2.957999133199063,41.67924327000457,6.7246837109569455,119.85037929110082,14.090350014411651
242,4,5.323477192160633,42.00803678591763,7.137634205687065,122.30353307099992,7.8910898254373825
242,5,5.837479304539422,42.07177940182815,7.2801494836571745,122.80986448491522,7.207182609973432
243,2,1.083969841821652,42.77008496818772,7.260571552505191,129.40776789148492,39.45689531522578
243,3,0.9861429140274642,42.78585623253176,7.262966334239623,129.56350524777224,43.38707421617129
243,4,0.9703102899248841,42.78280654240226,7.218294562893389,129.55026339206185,44.091881273149696
243,5,0.7997227766750576,42.84601160702632,7.376730235201141,129.7898614478033,53.57607951270676
244,2,0.4008442432452653,42.68361102419361,10.50066826286006,123.18827727346141,106.48427831663764
244,3,0.2527623505729549,42.74394347124436,10.346457393336612,123.50822093019877,169.10723326983316
244,4,0.29882732420004743,42.72270343676196,10.359927873316973,123.46795096626833,142.9678565086071
244,5,0.35832759884447324,42.70830815406445,10.39691023690729,123.38795272383724,119.18788030816054
245,2,2.450308303874289,42.895973744943326,8.741392489802362,96.09978972858033,17.5063576701981
245,3,1.865535272548546,42.78186417407531,8.473278967864914,96.62753485222363,22.93275531922941
245,4,1.5333328119255998,42.73387950506519,8.366522814656937,96.91616214564411,27.869930711715188
245,5,0.801464941599568,42.59740836116156,8.11461489591832,97.64213155839212,53.1494337664366
246,2,2.8969788754268695,67.30528548977638,7.361681965989368,141.27203026571922,23.232922348296285
246,3,5.002246353095684,65.76628476965709,8.54023702261055,139.2405085033091,13.147350209468103
246,4,4.671953609846327,66.07442455123801,8.381787657438831,139.61587268906828,14.142782640340377
246,5,4.0620675665405,66.43735205251143,7.967804618980293,140.136702457124,16.355550664938338
247,2,2.4219076162149786,41.76944241036612,10.151324600776846,116.30081035659144,17.246505175610068
247,3,3.0485253731496647,41.82294996397802,10.052199475148136,116.89495352310628,13.71907552259497
247,4,3.334609402582472,41.82560280182104,9.939222286729624,117.21452878230073,12.542879128212322
247,5,3.357658230723563,41.83904010480607,9.955141581344169,117.22578941497916,12.460779836779906
248,2,0.8608751688454291,42.489230090263355,8.87746078732364,97.31534340341179,49.35585452382096
248,3,1.324618683560229,42.40566630748353,8.85455630939465,97.79388141653314,32.013489250637235
248,4,1.8566665925417627,42.332472400451074,8.877893779489572,98.2774617661226,22.800255222180567
248,5,1.9980695728064715,42.3187385553775,8.894929028462531,98.41308846639653,21.179812214516055
249,2,1.5009453149680076,64.80015698904333,8.312232737623905,167.0628744342177,43.17289638143517
249,3,2.16625977948238,65.37542075438905,8.449467420339742,167.69654587260635,30.17893840424849
249,4,3.1290855316606527,66.21962276536235,8.451435451701288,168.63658475075923,21.16261185055957
249,5,3.300639969205369,66.36548432002206,8.448878193497334,168.7969093925351,20.106853439980323
25,2,0.5653560563750919,49.245612489775844,6.529818594420542,146.43778786139433,87.10548169320126
25,3,0.5653560563750919,49.245612489775844,6.529818594420542,146.43778786139433,87.10548169320126
25,4,0.5326612662832317,49.41305326259607,6.638308063941284,146.75193111607476,92.76637041721368
25,5,0.5151688822317501,49.25070253365345,6.631804713875113,146.4296421815241,95.60108010461526
250,2,2.2541216517807077,50.6551649204673,6.95914224783329,147.96141045201023,22.472240864075992
250,3,3.066976105587596,51.14976844575188,7.084646865090403,148.76652972263713,16.67758942946714
250,4,4.815639777963441,52.16901345586748,6.430348549326259,150.40578378569822,10.83324661995328
250,5,6.003566015665874,52.89457085287943,6.249298765808582,151.5111293608736,8.810525382206109
251,2,2.794676956331932,55.45988440465228,8.28181550899343,155.18152611351888,19.844828247697073
251,3,4.031090405470075,56.29674768558629,7.709308261177746,156.34603445082348,13.965637552940224
251,4,5.90022987667261,57.59692084540504,7.185033780989216,158.06477142848505,9.761809616181987
251,5,5.912331898430409,57.613699422846956,7.157980050713879,158.09532585687876,9.744665948252235
252,2,0.8104327101663726,59.009022271171204,6.595537258037406,159.72472915231288,72.81174711092281
252,3,0.9126273378538243,58.95209899634946,6.544771425303982,159.6594839865334,64.59602502049043
252,4,1.1638074172899053,59.798593368099255,6.651859797502706,160.77295703813874,51.38186263972294
252,5,1.9116516493603768,58.44236664104732,6.118052717512064,159.10720812092603,30.57166108421744
255,2,0.16880171049838963,48.12832288350232,12.427187686491271,140.03958837951618,285.1174901618462
255,3,0.3210535587434666,48.18637885689065,12.28977871372628,140.24484808495998,150.08828291640424
255,4,0.3351059466461272,48.20462969306776,12.323730871228168,140.26291934356058,143.84891923592986
255,5,1.6581701682606855,48.67486979848298,11.628741067197092,141.53168907230094,29.35456832877058
256,2,1.726612279899567,47.48452264813738,7.535542518724099,141.53347960632854,27.501554880568726
256,3,1.2220276478235046,47.838189206048575,7.378728633324287,142.24563478553412,39.14656832829046
256,4,1.070438381914667,48.223249799097765,7.271715401147225,143.02175301787184,45.050000227329306
256,5,1.8329682887072318,48.792791243578186,7.162622881394216,144.02616521939908,26.619549982392545
257,2,0.3510087287346877,56.90497111796323,7.892290901931064,158.05529824952654,162.11838862785473
257,3,0.2650769255323261,57.084104853013145,7.972348668500155,158.29363638215165,215.3491956528664
257,4,0.2703433400609559,57.057174994938165,7.935353000264633,158.25740252893272,211.05447935772472
257,5,1.3294966008918758,57.97084315274288,7.974959712573123,159.4551339688004,43.60360355778108
259,2,2.090190476883839,70.47781034188098,8.201359307808488,173.57739301639342,33.71836719386894
259,3,2.0798690553412946,70.50112773910872,8.28528297530165,173.60323552449373,33.89690673991533
259,4,3.7356479782795526,71.93815856769159,8.562019683927879,175.10774665444754,19.25721020647414
259,5,3.288737119602674,71.53198845149075,8.428136126655373,174.67994059772386,21.750594721485943
26,2,1.6452642593948321,42.22770349219633,6.468097966443391,127.04502914919019,25.666213190011536
26,3,2.25166805189139,42.15424197394544,6.455762098259979,126.50876166304545,18.721339387181292
26,4,2.670741766619874,42.102561783893464,6.498115792937628,126.12926873965624,15.764370090911232
26,5,2.2939109828386424,42.037414552215886,6.789932989108079,126.48327001411788,18.32565199061883
260,2,0.2972675222297608,63.9952728037974,7.194343221962189,166.3694266877122,215.2783801304438
260,3,2.4466908856598133,66.0143095507019,7.562786097302701,168.64535506446185,26.98105823984743
260,4,3.2308485004659993,66.67288917886108,7.863846146223693,169.3749426944076,20.636340256400498
260,5,2.3652844039711733,65.89600609523855,7.452857881451138,168.5225098076995,27.85965430034819
261,2,1.2080637765677045,53.46290757008564,8.399045710796784,152.89563133770795,44.255036997658884
261,3,4.867117537972993,55.97609724352402,8.785534114060763,156.38362753131676,11.50087227024882
261,4,7.576250691998253,57.97241231310018,8.55663966603864,159.02899101409872,7.651860345356552
261,5,7.834439056837662,58.14046403460515,8.484077615506648,159.26382126365897,7.421139348789818
262,2,2.4776082121588257,58.28052450674983,7.411897690077275,158.97106372456952,23.52289760161031
262,3,4.0218917454070136,59.45674521320664,7.693997172651817,160.4446232551148,14.783278325000481
262,4,4.039948718556011,59.514443084912855,7.749866457405319,160.52909905193357,14.731484749853486
262,5,3.487982044620095,59.03007893805675,7.602588907867499,159.9219504178738,16.92384823478864
263,2,0.8303231740179974,62.85988243657604,6.775147401043906,165.20898851803537,75.70532010486839
263,3,1.3528898031909482,62.45720866079604,6.743742392680157,164.7940188939867,46.1657764378338
263,4,1.8753619772671812,61.989634269545434,6.769297200150191,164.24281481738538,33.05475672986104
263,5,1.43894808050292,62.38654031053742,6.741327433019938,164.71232576607042,43.355657318210135
264,2,1.2419671951573148,68.29751778076374,7.628097782207151,171.1854633465828,54.991401944556806
264,3,1.6566843563711662,68.70031008399529,7.641712664495501,171.60576697201356,41.46855700369636
264,4,2.46253999352886,69.53097005728351,7.65727343341807,172.4790871333039,28.23546823915327
264,5,1.8734081156975086,68.92056474799125,7.562296854965353,171.86397183996814,36.78886826773568
265,2,1.4766152996521344,51.96284956294067,5.89855056157902,150.95559314159763,35.190512534495014
265,3,0.9072026629863045,51.42563663769785,6.099057824017612,150.09036596504984,56.68594038465117
265,4,0.6493852505904757,51.08198366418646,6.297395953806571,149.51194172295806,78.66206205194497
265,5,0.580406728991024,51.184377822314936,6.189221888513921,149.69485048876052,88.18708395993745
266,2,0.7060572220466683,43.43455530115784,11.508027125588407,126.27419492137015,61.5170461114786
266,3,2.124104353474647,43.212928600529246,10.820763339372125,124.52294029377296,20.344070349651176
266,4,1.6620474734357946,43.249392465253486,10.904922744785193,124.98002374192225,26.021755031840655
266,5,1.565954240331799,43.25372271692691,10.932109833959084,125.08451289920319,27.621319529457637
267,2,3.699217344137841,52.14595231994137,7.101126820111884,151.09879266234782,14.09648239825983
267,3,4.617707255455898,51.57848654585096,7.256978695238663,150.2250911884963,11.16971769338841
267,4,5.259894913222215,51.193503926592264,7.45530236854019,149.61543945330638,9.73279973722956
267,5,5.461502500653182,51.091507106272985,7.469572396569094,149.43816357428904,9.354844570081973
268,2,2.1372826617493232,49.903340828897406,6.708374224060852,146.77088076907634,23.34896618426823
268,3,1.8719275002011773,50.06208313103575,6.696814344338591,147.17094789346584,26.743601372499487
268,4,1.8703728305785683,49.91478660232254,6.63662987402738,146.90296986015863,26.687078383196713
268,5,1.729505512741407,49.76684548775101,6.549788073825326,146.66021439044255,28.775187377757845
269,2,0.3588289217373412,45.30227236764536,5.9464031105455115,138.26170780050654,126.25033368492738
269,3,0.5222047277807704,45.40258895007023,5.973485063480501,138.52336073754554,86.9440387366438
269,4,2.094421090385862,46.021627236446555,6.263113117648276,140.10022531438767,21.97343563238923
269,5,10.252350311563552,49.87709623103955,7.508764307200822,147.59112860591338,4.864942639165783
27,2,0.8252772748725413,46.18929371041517,6.4285582589243955,140.2363865042765,55.96821160241773
27,3,0.7540026467613765,46.23481193119791,6.4046999455944515,140.33248839176628,61.319163157577705
27,4,0.8260460927819675,46.16151810370766,6.456120832738699,140.1668700676959,55.88249608374686
27,5,0.8043147072532867,46.20186064995288,6.441546630419326,140.26449187996639,57.442515546316244
270,2,2.5593641192520864,53.01055986438994,7.009602154249347,151.60019207870818,20.71239463681982
270,3,3.1738344170133366,53.36516930004558,6.886947440153587,152.12399163766494,16.81409995614158
270,4,3.5311356030363785,53.6013093357882,6.926661432669239,152.48069654300045,15.179623557334043
270,5,3.586287275488917,53.64272616429312,6.949452783911027,152.5335634278166,14.957732578019062
271,2,2.8169662841052863,48.71184197755158,6.586669421182087,145.57859549917387,17.29230558401951
271,3,4.0507212086716535,49.32960649014094,6.7591666783429,146.73969724077696,12.177981111797548
271,4,4.372989712408089,49.49552489854926,6.828588723480417,147.0276563444136,11.318463577658122
271,5,4.484579443531838,49.55483687249045,6.876964441926811,147.13674286663777,11.050052158951818
272,2,2.029563030262627,45.409796832230235,7.368455456578819,138.06075628978624,22.37417411107081
272,3,2.2349322206039406,45.503657737743744,7.267816643948531,138.31350598161072,20.36019576550981
272,4,1.993243768585118,45.433658577079,7.336649146221438,138.10564300408768,22.793829367589737
272,5,1.4022703285251883,45.238759860522016,7.5210482232709355,137.55769989171324,32.26108305770843
273,2,2.000341888710426,46.716299498686354,7.681084414302887,138.251077922205,23.35415737119903
273,3,3.1237131585241946,47.19708044701063,7.470451958832095,139.33735830212726,15.109287537212962
273,4,4.047003944610886,47.607171880932995,7.318510772033009,140.28037087279301,11.76355951584692
273,5,4.935881504721567,48.00672355840353,7.393405040146655,141.1192625462059,9.726068872443667
274,2,2.695072989001169,45.76248344799447,13.692944700200998,93.73291067765766,16.980053402989334
274,3,4.0865116913831825,45.55663762666221,14.614447347170735,92.3535091330361,11.148050208994244
274,4,5.046486754873058,45.38622992471828,14.830798348526374,92.62839128924401,8.993629041224672
274,5,6.13101423468636,45.31007195988259,15.217778834539866,93.67827046949344,7.390306098073744
275,2,0.9384829251593033,46.062038590975654,7.909017480206212,139.25928073605658,49.08138109421971
275,3,1.5374226520084893,46.28613629370033,8.166508112785747,139.6686763891739,30.106318475384064
275,4,2.3587412318495806,46.66907776089672,8.213224991789176,140.64760827900298,19.78558602905577
275,5,2.2443822151701562,46.596858666982556,8.315842064049969,140.38325757283445,20.76155217431819
276,2,2.0491790066699496,45.48748973199538,5.443956978134526,138.24108351814957,22.197909192880346
276,3,1.4819741909459032,44.86760388613023,4.853067122264482,136.46498177528193,30.27556340555219
276,4,1.3338812523356198,44.83197044816717,4.858479378372507,136.32574123705552,33.61016584764569
276,5,1.2160317615184393,44.819689271981815,4.841195414946959,136.3275361735048,36.85733409417107
277,2,4.013647929927546,50.18674889012003,6.501529841875975,146.08963306282268,12.504023681515523
277,3,3.2167818023416443,49.73858270967087,6.5666936301074825,145.33932825482415,15.46221833226042
277,4,1.9364841056525872,49.013541810163815,6.871844845706833,144.03116183152918,25.31058293429195
277,5,3.531672324584092,49.87088831740075,6.68809111561079,145.7800755954299,14.121040570224306
278,2,6.031052674430621,46.520068473115685,7.563234564277398,139.1738850752611,7.713424323619144
278,3,7.2045348526091475,47.00562370885946,7.547472767412003,140.26669387410655,6.524449475956343
278,4,7.70559789984957,47.224605480925455,7.583205635848053,140.7644188941083,6.128610139462543
278,5,7.584017802002291,47.167458665842496,7.574178504704174,140.62507452499523,6.219323297368365
279,2,3.3308927066413516,53.660195134888646,7.9571988727499035,153.29069142982132,16.1098539339916
279,3,4.63486809217661,54.56859847774866,8.07492751880493,154.55341904659292,11.773495442539637
279,4,5.067718796232045,54.87459773909214,8.072353109799163,154.9499980397957,10.828264123812456
279,5,4.987895891766177,54.81539856678232,8.023396153557734,154.8802226689628,10.989683755704002
28,2,0.6210332693654187,54.34203459005863,8.56330751166415,153.83427117313238,87.50261281583195
28,3,0.6692588563638581,54.351108041544435,8.563007476759353,153.8353942043018,81.21088979640831
28,4,0.8107894362769795,54.24189004778148,8.53788173336635,153.6771563361227,66.9000938490898
28,5,0.7501710664255334,54.39874290410572,8.567781430498131,153.90032682342016,72.51511636960008
280,2,2.6872208046653565,60.20395952568508,8.043143732267497,161.91351206887933,22.4038006840098
280,3,3.198088176546777,60.63210488257555,7.875947209497431,162.4115944917081,18.958859589186225
280,4,4.087134638007683,61.35899317649188,7.648669393043126,163.27884338657552,15.012716355308228
280,5,4.882262185048428,62.02839785558749,7.4504195341057615,164.07897347347634,12.704847748344294
281,2,2.5938559040211735,64.31048791693506,6.782232983812421,166.7389397812554,24.793392558662415
281,3,0.7166588687781819,65.97154184679415,7.491034213165979,168.55493761571017,92.0543145426005
281,4,0.4284617959444005,66.29038300109538,7.666244071897202,168.89708271190452,154.71713483301141
281,5,0.5554139298696459,66.12705413453781,7.593013655302069,168.71787183285358,119.05904657354773
282,2,0.2707019928338116,69.85242687270781,9.736681721736696,171.93036723135987,258.0417807828018
282,3,2.255767105345999,71.74498237637056,10.306675036689555,173.98116494997143,31.805137103156152
282,4,3.2522672740560234,72.61449553542349,10.722061966277344,174.90018527537285,22.327345569477075
282,5,3.1748154247169857,72.52146835165594,10.651794885223637,174.7935692859914,22.842735221274605
283,2,1.396764516300778,54.96813944173585,7.953412910908996,155.36244464734764,39.353905691831024
283,3,1.7511234480073614,54.72498571874342,7.79280624049254,155.01772712776582,31.25135778891117
283,4,1.1168711712904482,55.16536879969536,8.02571578644138,155.66688135219954,49.39277664587651
283,5,0.7569130570324131,55.439985575447714,8.01002774097966,156.05087349155605,73.24485200501053
284,2,1.041668427567201,55.94692017809528,8.383978379202361,155.78312376185877,53.70895206228804
284,3,1.2632027670415071,55.654062936507586,8.618550101639762,155.3342064766165,44.0579010337933
284,4,0.9925410366423618,56.045588640324866,8.288738997322593,155.9122901406443,56.466771656366106
284,5,1.1724283793869652,55.75196542434301,8.52376906443762,155.49359289268443,47.552554961155785
285,2,1.6820102351957316,58.559369135782546,6.428658138330678,160.08116642504973,34.81510847097613
285,3,1.46631174110342,58.176930824039765,6.7911951401977575,159.61611009780205,39.67569023453628
285,4,1.2756946628566166,58.246072949225166,6.5659385002498905,159.70708854576827,45.6583179255557
285,5,1.1681160171175955,58.154286181793935,6.573285280698454,159.59814328586916,49.78468305523856
286,2,3.295186720285702,41.88638373699418,9.615569884735109,119.87555740788494,12.711383956490538
286,3,3.9094306366637257,41.933062239069685,9.660506286547513,120.441968723672,10.72613022943763
286,4,4.236512970128597,41.966252213391854,9.68910507707401,120.77882019840705,9.905847665340563
286,5,4.689446890312416,42.00368090067357,9.784911783893774,121.19066268598749,8.957065042761277
287,2,0.9215741265216942,49.11076491406219,8.5634229161996,144.2663600751349,53.290085916930565
287,3,1.240370018634264,49.22703883818043,8.527736299699768,144.57683791271683,39.68738175041436
287,4,1.6568908554957833,49.41492246354078,8.37664637657477,145.07423554739756,29.82388489947683
287,5,2.300224903177295,49.85491682091849,8.367063813572477,145.9991152559924,21.673931333981603
288,2,0.3662319819116492,52.83469277062892,9.507306426245297,149.84249188657913,144.26564018845986
288,3,0.6553094612820584,52.41580060458824,9.325993219225992,149.2027405537616,79.98633149928551
288,4,3.3080725088341776,50.94339875858857,8.58236534485331,146.79526362535952,15.399722487505175
288,5,3.0870945640586966,51.02716091552971,8.658244493282806,146.9285245178005,16.529186162393064
289,2,1.6604216159449792,47.346341922820095,6.238893361412923,142.27805788927807,28.51465024485835
289,3,2.3228233378955676,47.65653885375131,6.183099704224908,142.8866674340018,20.516643634104675
289,4,2.8257539938155904,47.900833748641375,6.233388748742518,143.37816108155087,16.95152291528608
289,5,2.5003326723653263,47.73634064662682,6.186602953445353,143.061365619292,19.091995630544663
29,2,0.9903829163994967,44.11605565940421,7.184943629579807,133.90581684774267,44.54444284473544
29,3,0.758456838301765,44.08094741874124,7.209345126813999,133.73268602649281,58.11925558776533
29,4,2.0988133838010663,44.40633708351974,6.938417555605026,134.90412136847826,21.15783004562279
29,5,0.8365979848414009,44.06462470903676,7.118243541572919,133.7020498072112,52.67120526315672
290,2,2.516884961075337,43.21295305535503,6.07061137607638,130.96020938229145,17.169220505493474
290,3,5.368659664541218,43.930978518053216,6.0355947486783785,133.67872101217026,8.182857767345324
290,4,5.66381230640912,44.00931806841259,6.080888200509078,133.9582749401949,7.770264198357949
290,5,6.523358419383977,44.25638335502258,6.074248618214838,134.76841338155901,6.784294291675439
291,2,1.0588242693328467,41.93786019631608,6.757617456908302,125.42938580206163,39.607951021618675
291,3,0.960220398689497,41.94105912628888,6.8159662784811665,125.43830629622214,43.67857498835062
291,4,1.0356708072448593,42.06415457934217,6.4044542004146585,126.10757826817547,40.61537109951909
291,5,1.296358399024634,42.150580659805605,6.1679240284380175,126.62123088635214,32.5146042686754
292,2,0.7641560749657765,43.05116099334076,6.746159112623633,129.4765145959037,56.338177291709776
292,3,2.3163058550648326,43.44396910313153,7.327052315317231,130.90266195811137,18.755713465292093
292,4,0.4830173765680483,42.89508057337756,6.460615533522966,128.84964477137302,88.80649385761693
292,5,0.8138216129030232,43.0535247278726,6.7043993762274505,129.43677675140412,52.90290097514766
293,2,0.2635140043979276,41.650648857278945,9.749930024100834,115.79234443939106,158.05857215010613
293,3,0.2552935996922512,41.645707298943314,9.747620453445851,115.78305743274767,163.12867113730724
293,4,0.22824222859036922,41.64400273075023,9.791249118805187,115.89813597279218,182.45528517396613
293,5,0.47223434081139537,41.65444201345716,9.710094213733774,116.35232094829233,88.20714109824135
294,2,0.9029785933598282,49.33124644724132,7.18565720961875,145.57644715680053,54.631689237915744
294,3,1.4494954645585463,49.03119449027079,6.9797584332509555,145.04200859621739,33.82638673308282
294,4,1.9917947119720358,48.74673463944333,6.834335778749785,144.52437346535308,24.473774381317856
294,5,1.829838218709205,48.843937735199056,6.910739950194231,144.71932456282792,26.69303601207102
295,2,0.7777681800927376,49.81451839779241,6.861060953595931,146.79912233407927,64.04802746156633
295,3,0.7671009665129016,49.80591654518014,6.886782286980217,146.77870516695387,64.92745814454385
295,4,0.856833297959243,49.857401689078394,6.908462226992153,146.86732293053277,58.18798268688448
295,5,0.5485888147609822,49.67854881590051,6.840083475296451,146.55543866487773,90.55698288703792
296,2,1.9844293073797556,44.54305910973337,5.79208574449793,134.9478072417373,22.44628151762448
296,3,2.379878303054042,44.67821030459039,5.848917406427437,135.38777869058825,18.77331713118386
296,4,2.9952976988383817,44.87475303559201,6.067939101010245,135.96297482576043,14.981733836732731
296,5,2.1787198563078722,44.620347143893014,5.854450751332721,135.21890384393595,20.480075402951215
297,2,0.6235357414342856,41.71387247636176,9.153875024850128,119.59360543852864,66.89892661392645
297,3,2.2074725317678423,41.91558980363183,9.251681347480382,121.8375518729571,18.98804583547117
297,4,2.9035100773617613,42.008272930773686,9.31913603065721,122.39922587759624,14.468099530160059
297,5,3.731826293092543,42.09545441121022,9.12667826849612,123.17975331782816,11.28012157916513
298,2,1.9160149342553987,45.1713560618607,5.1768569130226085,137.39978907266394,23.575680449306297
298,3,2.53784586824208,45.39578286479883,5.374997949419846,137.9680234357789,17.887525501053545
298,4,2.9193898156242355,45.535928901010685,5.515475631410484,138.31650377742173,15.597755565676815
298,5,3.106770459837295,45.609699151491476,5.582324862839026,138.50852154289106,14.680743104230713
299,2,2.5707206574539967,47.8293349931398,7.997999423941793,141.08533924962856,18.60541893900486
299,3,3.0698416096662497,48.06167757286209,8.101968751388796,141.54978768920856,15.656077259805771
299,4,3.8943147548488186,48.437830239147964,8.318287372416492,142.32750629582281,12.438088126918105
299,5,4.4878085161338905,48.70686896621976,8.47357135543931,142.8711482982173,10.853152197243858
3,2,0.6794759892850153,41.33910462021183,7.567474960806335,114.8919386733334,60.83968332025159
3,3,0.6428283852935517,41.32619619404947,7.564774090249927,114.96861676029059,64.28806894128813
3,4,0.5391102192142846,41.312707542459826,7.619454090475647,115.13561377349805,76.63128114387702
3,5,0.7288671767430857,41.314565240754675,7.549065677922249,114.93969545283404,56.683255869107214
30,2,1.0249499159715363,46.9057819263115,8.80042406768909,140.44957472997652,45.76397415888405
30,3,1.0624033885937805,46.92499132708493,8.823447692123075,140.4956012899877,44.168713493571126
30,4,0.5891799096131061,46.68881471778759,8.85827586024978,139.95090592108946,79.24373041845435
30,5,0.7283688332520657,46.783555818040114,8.796395835047873,140.14086341191384,64.23058351749098
300,2,2.450397368451294,43.781885004387696,7.741053780070468,133.2255224284886,17.867259159434308
300,3,2.1022648021473165,43.687528607173434,7.868649767640245,132.835893303491,20.781172930611763
300,4,2.193322121803686,43.71249965061643,7.884148449299561,132.8897524404273,19.9298128700636
300,5,1.992939488440589,43.66011106134751,7.8644203941640844,132.78216643138498,21.907394125867913
301,2,1.9142222287002724,50.71222657237412,7.755526338336808,148.01262942632678,26.492340098820996
301,3,1.35133984231633,50.39716751330723,7.79193812176538,147.49608012545653,37.29422130703946
301,4,1.8513359276405794,50.66290170010831,7.843675671095054,147.95138878066658,27.365590798542616
301,5,2.378834469069832,51.0243233001816,7.768124703950482,148.54398041346005,21.449295337325463
302,2,0.9058126444025564,52.84459571476651,8.173127752537443,151.29237894144075,58.3394319541948
302,3,1.2207215596678374,52.636844009364054,8.166796720512739,150.99305598681013,43.1194510830891
302,4,1.5328560144005068,52.442489413619185,8.198045012154187,150.70194306160062,34.212273415651815
302,5,1.56645289294979,52.41492431694728,8.184879886453214,150.67707184887362,33.4609002404379
303,2,1.877242470776777,49.132597210641315,7.7163148054411845,146.0663943896651,26.172749505599793
303,3,2.267127158017791,49.33024594567099,7.843968927357896,146.4228793593906,21.758923205354076
303,4,2.54486007395515,49.51716786467996,7.957515640980524,146.7615170310638,19.457717214740455
303,5,2.970722080445266,49.75991024528351,7.989562852298103,147.18426906832607,16.750106112357773
304,2,2.3719387021732907,43.24633113871162,6.260450063975799,128.716061274255,18.23248253285901
304,3,3.8270175559717954,43.60887397264892,6.460418254752667,130.1671327610138,11.395002301635715
304,4,3.971346360742958,43.64388220820887,6.490441586136046,130.30841918644063,10.989694207922737
304,5,4.546328821848619,43.796377388656296,6.665756881308431,130.8419516945758,9.633350117978136
305,2,0.642297228425297,47.87153438639714,6.381629048450589,142.98717734500505,74.53174561946194
305,3,0.9802743012728659,48.03564919507184,6.502033652247152,143.27541209925963,49.002252372296226
305,4,0.48520591319563844,47.786689673943926,6.259054149230919,142.84254992828437,98.4874408770892
305,5,1.0564919309294312,48.101460864191736,6.421377517326925,143.45346504174586,45.52941579646626
306,2,0.5301518349387558,44.378219936702784,6.90236723591897,134.0336476643566,83.7085079687489
306,3,0.6022024678179061,44.666040038916876,6.726309554369993,134.94777252694792,74.17113293981328
306,4,1.2113698337163001,44.85270669410173,6.6586358540820605,135.53883900456532,37.02643492964988
306,5,1.8858476701909002,45.06291107021846,6.645706834549338,136.17584513415753,23.895307952791207
307,2,1.1071364218489583,50.59163771116649,7.860461434412221,147.9708441462065,45.695937967352954
307,3,1.4083178877233757,50.399963575242246,7.861958402514294,147.65667625796456,35.78734862115762
307,4,1.1907681661257883,50.53543974318915,7.7763228671867255,148.0194047836612,42.43936036954584
307,5,1.372380359281254,50.46622502684207,7.833807504259529,147.89282400772487,36.77276807250773
308,2,0.3021144481604344,50.864452678935024,7.612042590056922,149.06436294153048,168.36153088682713
308,3,0.40722721371093434,50.98916142972254,7.6032053920605245,149.2638160575598,125.21059119052568
308,4,0.6164643176416672,51.13663631994712,7.624336448373066,149.4808986664164,82.95149293645967
308,5,0.8664882914073861,51.27710401695882,7.633931581108255,149.70075616715238,59.178068455941556
309,2,0.5951235235501402,63.85711490971244,10.174376189152124,135.63242332760444,107.30060451278115
309,3,0.6564642175875668,63.84339324537159,10.232746817300187,135.5933770903294,97.25342305397047
309,4,0.2656069036625408,64.27315038295686,10.1927182350347,136.21285803426616,241.98598408706053
309,5,0.40007569735484266,64.04837104200674,10.202981430520063,135.88257142025483,160.0906275101571
31,2,0.8851178152150956,41.28300085095847,6.94000076072533,121.23998959397186,46.64124896696792
31,3,0.7882745479171537,41.3013137600203,7.002629121161885,121.36692474772266,52.39457920492849
31,4,1.111870176582868,41.25351921572895,6.849202990945622,121.00353620903857,37.1028198377314
31,5,0.8583629205103837,41.274642132653995,6.941339842047813,121.27360123939594,48.08530362338928
32,2,1.7086159837612598,62.70305559528351,7.13417822093644,164.55982528096115,36.69815559741555
32,3,3.3738939246779527,61.64744745957741,7.525419800815645,163.18324181243057,18.271898480845937
32,4,3.3780799714768617,61.59002917752592,7.496812529583459,163.13306887119975,18.232259009628127
32,5,3.1244130840524975,61.50193167963489,7.31470633518986,163.15894290497425,19.684315046786676
33,2,0.6307996157389988,46.12398189344385,7.246507163224949,139.36330657677158,73.11986249105388
33,3,0.8489917599830055,46.015405469183165,7.275473959557919,139.1197795966728,54.20006070271361
33,4,10.176035275642425,42.96664683755312,6.94140225333627,130.1779236563492,4.222336659757423
33,5,5.9577670104556315,44.30372648816389,7.389330093314553,134.6619862446437,7.43629724627528
34,2,3.7782602067267694,41.54288970432021,6.483222726067893,123.46355243501185,10.995243133441502
34,3,4.10175400456958,41.49371031350985,6.3077324018848575,123.09633633326156,10.116089401295806
34,4,4.147898776647019,41.499917595820115,6.287537426693049,123.04969735397155,10.005045863080676
34,5,4.174051809816132,41.498553632302,6.271153033512958,123.02190102656311,9.942031250136713
35,2,0.48264036615264316,48.315415293386955,7.505248439734084,144.66321109968433,100.10645126404921
35,3,0.7054909539512126,48.12743240060593,7.431338541827215,144.2814709359315,68.21835411053418
35,4,0.7804685649232003,48.07585928417335,7.4001748263485485,144.19865576973316,61.59871240030915
35,5,0.809125107151065,48.05732061484547,7.377929091820227,144.16431834634218,59.39417723683529
36,2,2.5407220647900397,45.3322903818113,7.211598833437755,137.6978147112403,17.842286187700193
36,3,4.166372072241357,44.77906191389086,7.241221281792729,136.19782269852192,10.74773472699571
36,4,4.395126970333286,44.72005387258991,7.263928809925581,135.99360773143775,10.174917373877273
36,5,4.391002840781327,44.723310170891445,7.214904311809738,136.0059283625257,10.18521547143461
37,2,0.522175425826686,46.332261786164025,6.4738455536749955,140.3142659538355,88.72930170070669
37,3,0.47046754930428064,46.32658155397408,6.4820253159042585,140.27489803025753,98.46923690653833
37,4,0.4144729207183427,46.32715663943416,6.482352594883997,140.2578478966992,111.77366048765204
37,5,0.4362550719902286,46.318533307057514,6.485552923206725,140.24025622109434,106.17305154532268
38,2,0.4536309908209823,41.99735887933654,6.982202078247185,123.78076578868261,92.58044270195299
38,3,0.41095109153741155,41.99270952259029,7.002150988709501,123.75008008722766,102.18419993398514
38,4,2.622653933792684,41.66166924405573,6.723049066892579,121.28352520576315,15.885309361023731
38,5,2.4184071975794916,41.68262616861157,6.706235738892852,121.48955949731744,17.23556977417811
39,2,1.2993779572875537,41.91080759216286,9.49765924289535,118.33220064656771,32.25451612024137
39,3,1.218772004045072,41.914753285826144,9.49663642657437,118.40665833729835,34.3909712422032
39,4,1.0053489121385568,41.925082624990324,9.511924199568801,118.64216161432705,41.70202175758858
39,5,0.7840272108738844,41.952373017332306,9.554585876969972,118.87541589300726,53.50882201586289
4,2,0.942852859792023,44.417419007491276,9.934507075903515,95.90827645406632,47.109597298345165
4,3,0.6995508368105758,44.35765622955788,9.940666056947391,95.6710132261785,63.40876639889056
4,4,1.0962225454786543,44.455839935583384,9.957414334855612,96.04868116371205,40.55366286107131
4,5,1.1889786245916756,44.48072960155981,9.992209759562845,96.10720462561548,37.4108737595908
40,2,6.388901063690797,57.98330611568339,8.15512822107993,159.09475357099421,9.07563060484001
40,3,7.325326616822088,57.33711542560179,8.10766050808538,158.22815050150538,7.827243527361466
40,4,7.467011589613695,57.235403937228774,8.119281206623146,158.09490748069072,7.665101784519773
40,5,7.663754151949803,57.08915626988621,8.091243217793872,157.8993260206522,7.449241594065128
41,2,3.9781837925628607,51.89540888038505,7.018069048474065,117.69175865399176,13.045000295600351
41,3,7.177850649586116,53.476067208231704,7.458015050263428,120.69415744273269,7.450150434213019
41,4,7.269799408724989,53.528377441307974,7.483602510770814,120.7952844098833,7.363116140925939
41,5,7.386010686011614,53.585196490863595,7.5317854306705705,120.88889058500966,7.254957878655546
42,2,0.9804756949393223,42.01099642837487,8.642876444378087,115.82251305996232,42.84756492867384
42,3,0.9394024157963485,42.008678889156094,8.626664702426202,115.86201476072497,44.71851225372829
42,4,0.9537857950587484,42.01655088636582,8.638942148124176,115.85826258667777,44.05239694647983
42,5,0.6031474323124797,42.00906939509524,8.541049351977442,116.22649234274027,69.64975136764504
43,2,0.46960476875296264,54.24129496360846,10.122987869380388,119.50755622471944,115.50413755934605
43,3,0.6507118381139728,54.34009573557273,10.095672050525927,119.71064707740577,83.50869266184777
43,4,0.6983669038085496,54.36551689405969,10.08898440527045,119.76969815365119,77.84663880706618
43,5,0.6486746152283588,54.34106621811004,10.109949638788654,119.70876318045566,83.7724555650375
44,2,0.4153066217104603,41.514080167938246,7.029293176601457,118.14653554510566,99.96007045917017
44,3,0.5748164669218074,41.50667466102178,7.0445329853559455,118.02479314681214,72.20856799946594
44,4,1.832394360072557,41.63965435968606,6.323976242329104,119.82716240577697,22.724177196657326
44,5,0.6017984391769516,41.49746625472234,7.087201267061182,117.94266323953833,68.95575472398816
45,2,1.5657430392781844,47.39474829217759,7.650842900958644,101.94493053712539,30.269812351411563
45,3,2.4023165212105573,48.23659491241829,8.692420613028865,105.165250651343,20.07920034089399
45,4,1.8909928332111876,48.08217466057295,8.439357404588977,104.60495470367866,25.426946925363428
45,5,1.5604585573462282,47.96011449694482,8.238454265293154,104.15233886533196,30.734628589663558
46,2,3.180775971384196,76.89774574686247,8.725997263347985,152.76724353145156,24.17578169506878
46,3,3.359793826906426,77.04997415877905,8.723243961559476,152.93085514619693,22.932947049430815
46,4,3.7656904838054284,77.40658363363703,8.697134055107474,153.3129307339405,20.55574768053059
46,5,3.5653405369584283,77.22219583351529,8.690223482944567,153.1139176203024,21.65913601139535
47,2,0.6654082845310143,41.81178563910889,6.810883909710926,120.19355355495723,62.83628560503323
47,3,0.9738524291456202,41.786843144716805,6.69809555296325,119.86273412986205,42.90880370066868
47,4,1.3868264608995715,41.76331676920254,6.595285380431091,119.47419998006166,30.11430604011515
47,5,1.590128084296409,41.75991348220251,6.58731252083388,119.28256164567568,26.26198080015699
48,2,4.589794468155316,43.87580956994827,11.773824714599398,106.93104988952261,9.559427939261976
48,3,4.639854792919834,43.88845453500282,11.805740697689163,106.91690479176074,9.459014645756602
48,4,4.529581986958516,43.865747399486416,11.756182409167167,106.99621909441117,9.684281558196982
48,5,4.39544302244426,43.84005261876508,11.649730195947685,107.11074942010472,9.973978116691933
49,2,1.427007705091799,77.18046201940037,6.7755920208281575,153.13197683327238,54.08552539916392
49,3,2.8550197039722867,78.4819390880491,6.754104097027078,154.53265415124523,27.489105838381235
49,4,2.988738246884325,78.60722425587754,6.772774329782666,154.66542572253587,26.301140313914054
49,5,2.7432584200542216,78.34834698220072,6.737815403078813,154.38889046062175,28.560323053724158
5,2,1.017102121004227,46.86477967311347,6.30137671912551,106.0239357746864,46.07676873790632
5,3,0.991137225702747,46.84363923280079,6.377264583017461,105.92672313395727,47.26251577016698
5,4,1.1461647323573867,46.89994956729652,6.416062823705306,106.10253420300424,40.919030078376466
5,5,1.0355807652370965,46.8586968170108,6.380866879887458,105.97381882566575,45.248712546138655
50,2,2.1507358464190096,60.62951912740121,9.484738512973285,132.1040196586058,28.19012801895152
50,3,2.8592081308458868,61.10562263080678,9.423232736426678,132.75333175507708,21.37151953293225
50,4,2.4914373625239845,60.83828025329061,9.419264988984995,132.3924741666022,24.41894824418467
50,5,3.1119048431912546,61.30030540374901,9.427735738207607,133.0304923917361,19.69864385181495
51,2,2.3059284025689215,44.200929025712576,8.921547518043566,92.90188964362028,19.168387355299767
51,3,2.8286281175194325,44.310882937670726,8.87760731010855,92.46354139619429,15.665149655613863
51,4,3.0070685750137853,44.35098525639198,9.03312563865536,92.54475543333444,14.748910443021591
51,5,4.015570185359305,44.62949291885875,9.211156100384656,93.49886579702714,11.1141110097978
52,2,5.918752675928717,42.4668062422584,6.418008794199622,101.93122340760819,7.174958727912264
52,3,6.559406113044416,42.5744626751137,6.464333348375733,101.35383890014467,6.490597148046937
52,4,7.256254337755133,42.69690262000597,6.53721510563489,100.72068939864172,5.884151874198719
52,5,7.3675556605877786,42.71936794652431,6.573581714251985,100.63750564049577,5.798309487781066
53,2,1.560398999918977,41.978348824078196,6.812758086448868,103.33860155911373,26.9023170081721
53,3,1.8053316899247378,42.0208053306357,6.855870580629538,103.11334054401152,23.2759472026041
53,4,2.1442130661798378,42.067330671270895,6.918324145822889,102.78142722621347,19.619006682963935
53,5,2.229631660006477,42.08144152836266,6.9571399443886115,102.72070524682032,18.873718961948732
54,2,1.094857152609288,53.6678764052106,8.131673216668254,120.56592829251692,49.01815345237193
54,3,1.5875245534114857,53.88314265509203,7.980754622947608,121.0216603011163,33.94161192649562
54,4,1.567135125722563,53.88601320183266,7.978201973025137,121.0265953845773,34.38504566294935
54,5,1.721536830188823,53.96798604608767,7.898405119130198,121.19327433118762,31.34872561900465
55,2,0.5783229440523543,48.830033526352935,7.32520946713238,109.48128964577802,84.43384995217129
55,3,2.8447890409589505,49.63681421058121,7.0420577838574445,111.69433468592861,17.448328618197234
55,4,2.9750550747901636,49.69267346934255,6.996701414371087,111.82454789389837,16.70311038050829
55,5,4.380214986302827,50.16699373634782,6.177338654294751,113.08999569909176,11.453089352621248
56,2,0.4337632765556977,41.89996362527765,6.6615947442044945,104.29067313643648,96.59638084630166
56,3,0.578273488537493,41.87026784120943,6.659352904935376,104.5047313427478,72.4056487926616
56,4,0.9375181555760114,41.822693648636225,6.737010928866674,104.87495105277935,44.610008834271866
56,5,0.6034727530716448,41.995142248158736,6.719446306037893,103.78454413142683,69.58912616769256
57,2,0.7378605717054586,41.54530896715486,6.877051640031842,115.32636448875657,56.30509339735814
57,3,1.0068071150470692,41.544343594384245,7.005924597683282,115.0226817454719,41.26345807539057
57,4,1.7256909811362398,41.537259849725935,7.2873693673678686,114.31051850623633,24.06992912582613
57,5,1.7955626571273964,41.542620134009105,7.320186690695544,114.23737170379295,23.13626858842551
58,2,3.0535090184265834,55.44429370051892,7.898432044641079,125.06332605792122,18.15756665015932
58,3,3.1676362823744606,55.532821149061704,7.980158768255323,125.21950485888762,17.53131231724659
58,4,3.240468764552402,55.55823773542763,7.954302489902723,125.25906967232658,17.145123622770214
58,5,3.2075770136066013,55.52890523415507,7.949370283636064,125.20769842075943,17.311791681223088
59,2,0.397226318996229,61.352211201273256,6.992503813825577,134.04077445416306,154.45152227524096
59,3,0.5188694055727233,61.509177838219514,7.109151445098013,134.26080137949367,118.54462026890955
59,4,0.514414518416922,61.5048073954457,7.1108664125072565,134.25289356960272,119.56273393895547
59,5,0.438847890545428,61.393460541982506,7.045062392382377,134.09652841481733,139.89689928031746
6,2,1.368827802444393,59.29314436509854,6.970423915369736,130.78496407413766,43.316729705554
6,3,1.5436209180708014,59.39231525624861,7.039004044795077,130.92727902549598,38.47597177273076
6,4,1.4896886504173283,59.3294819369595,6.997644793022986,130.83218270317758,39.82676616491037
6,5,1.442348102034976,59.31087589748178,6.989277671800192,130.80546741194757,41.121054898322306
60,2,0.43097343843679886,42.109748132479965,7.539736343010183,100.6108481258994,97.70845114755429
60,3,0.43097343843679886,42.109748132479965,7.539736343010183,100.6108481258994,97.70845114755429
60,4,0.7768132761973063,42.17702553884862,7.520775381699087,100.21740672705529,54.29493327195215
60,5,0.6749315750016143,42.15815392707047,7.515634237177895,100.35199676935946,62.46285529365119
61,2,0.5687453531249609,68.46141261353577,9.16490778977747,141.79838113541533,120.37269585351132
61,3,0.6134683425435368,68.41596132254234,9.102992705973572,141.73818776886336,111.52321230407233
61,4,0.5598226219660765,68.43761393475593,9.101827801305799,141.768532916941,122.24874456112205
61,5,0.7834430000282457,68.27233701851779,9.12922757026763,141.5257504411615,87.14397364532788
62,2,0.5444807933906051,58.433600654323264,7.7875098215558625,129.0470572523843,107.31985460358568
62,3,3.609672757808683,60.27109997303938,6.151136559840262,132.0240174858469,16.697109087156406
62,4,4.281629567632083,60.75206732057942,5.998017685326763,132.72718244403194,14.189005895782747
62,5,4.212930461191878,60.70938574733687,6.0023793065011075,132.6625271376803,14.410251050300769
63,2,0.9561821615638676,66.05772614214618,7.992484619857902,140.08282118598348,69.08487535811986
63,3,14.080463830386828,78.253685530612,6.411470642078956,154.16882920780318,5.557607080113219
63,4,13.283370461844106,77.54479178720182,6.443395629597591,153.40552954020234,5.83773462853938
63,5,13.203712517086322,77.47897775726038,6.429958716278114,153.33733986895353,5.86796914870107
64,2,1.7467395147693596,54.55307687789743,7.1174409199755,122.70455660097393,31.231374858309596
64,3,2.5499154090496896,54.97526234038092,7.2510187450618915,123.47768192032007,21.559641519744712
64,4,3.089460331349529,55.268926585887066,7.423094586825692,124.00224085594488,17.889508353988017
64,5,3.085724252760031,55.26446475265567,7.403964469204367,123.99845082310203,17.909722336377612
65,2,1.0025993969145506,57.9016774968401,6.197263425705344,128.84816492197783,57.751557698432734
65,3,1.6725976161992633,58.32849031623116,6.169836923961045,129.5092261836064,34.872995992930015
65,4,2.1786628856995267,58.66226173819435,6.17773344107819,130.01644501363546,26.925809336537597
65,5,2.1073233028923175,58.60363954429908,6.140845439545394,129.9365352575291,27.80951512554812
66,2,0.5716357242248891,66.28353092063226,7.503400751162361,138.77459856204612,115.95414168869198
66,3,0.838130198408986,66.51206334356189,7.707468980647366,139.06212943990522,79.35767339757514
66,4,1.0583721516507942,66.67635258548339,7.852046468410335,139.2813414972503,62.99896671647623
66,5,1.068456822786351,66.69758703681559,7.845009751812112,139.29658853367633,62.42422247689671
67,2,1.2367655112009295,42.47666011249886,9.527584874991373,102.75954866377745,34.34495818678143
67,3,1.597944291810285,42.539703252820324,9.530190965390418,102.39314239651176,26.621518162196136
67,4,1.9607839786027508,42.600236143316664,9.539622737107265,102.05522955481665,21.726124035556552
67,5,2.1976489604505005,42.64808918235162,9.574886172866238,101.83188327134161,19.40623355039686
68,2,0.37074969356065185,68.15111591004768,7.92056179803003,142.30585568127944,183.81974484545657
68,3,0.38985684549761224,68.1650517948112,7.93656989222242,142.32623740559288,174.84635920485616
68,4,0.38214696885294397,68.17291391619409,7.891306075497061,142.34297801650817,178.3944861236966
68,5,0.37504587592173116,68.16228514700158,7.887191387817702,142.33254198775305,181.7438551005102
69,2,0.572739167156839,59.951065616454244,8.672859504990553,130.4740409344754,104.67428806609684
69,3,1.2096178384323173,60.15286553452476,8.573387856042709,130.78407838108612,49.7288177522213
69,4,1.3591268149127491,60.3034320678761,8.526902447396884,131.00060291576435,44.36924572638566
69,5,1.4349281957034914,60.35229890902402,8.479682933073075,131.07999605781572,42.05945542720415
7,2,1.185450011587526,78.37291346928507,8.400455649518625,154.32864123973692,66.11237255226497
7,3,1.5296025296823048,78.66896546027233,8.427587160578677,154.6382198945705,51.430985121541255
7,4,1.4883036261549476,78.62244944336463,8.433746093577204,154.5881143851962,52.82688796386118
7,5,1.565362511410348,78.72278198163858,8.430873209107935,154.7018474280834,50.29044767898975
70,2,0.34891886754050455,41.67770271305421,8.287330907775212,115.87680429855509,119.44811644138119
70,3,0.3626613785317315,41.680139399962535,8.325081211938278,115.8241110064388,114.92852759624748
70,4,0.3876411575475997,41.67288638037139,8.325172294242309,115.72450995095797,107.5037686116097
70,5,0.399598254267748,41.679362871553835,8.340909022547399,115.75880534078077,104.30316294774212
71,2,0.7399590761649505,67.29796497959657,7.212614902453571,141.3447494321297,90.94822435168342
71,3,1.2059114829033812,67.6940467575022,7.290748498194943,141.83189258252736,56.135170081612216
71,4,1.7786292661525884,68.15886813521018,7.46384796663367,142.39006202195554,38.32100879540614
71,5,2.0556013481324453,68.38452442156333,7.559855595946427,142.66310835477137,33.26740574042626
72,2,0.9054782446294969,57.02031158668147,8.050467376455185,126.63331435864777,62.97259077747042
72,3,1.8934908261580348,57.65090298466726,7.968032897424479,127.63358252028026,30.446887771394316
72,4,2.6042797453299067,58.09867111192529,7.886279865756756,128.3185016426127,22.30892091873802
72,5,2.9646462868180965,58.33048238974422,7.685850547476573,128.67011867489876,19.67535973932179
73,2,0.6638154946786996,53.69323354292673,6.074267556870033,121.30084660908982,80.88577799778172
73,3,0.9785975843066902,53.87269569251058,5.928005848842432,121.6587021313791,55.050917768378454
73,4,1.284041286550481,53.98129647757999,5.80930724957906,121.88660527798449,42.04015604684857
73,5,1.4693692451177272,54.087851812436476,5.750881991233633,122.09183180592649,36.81025148991763
74,2,0.8396376233846558,41.02720952132277,7.4700054578880914,116.03350327938327,48.86299504696847
74,3,1.317705813919331,41.0182727575174,7.5804130013113715,115.54270956372953,31.128550859336958
74,4,1.7108527444447887,41.01246593184422,7.641003529020211,115.15980409457538,23.971943713621172
74,5,1.985086847160886,41.01735484734237,7.712750675264238,114.89914299678136,20.662750699990163
75,2,0.5412018607213654,58.392750482305026,7.518304277913937,129.42512898530453,107.89458359497833
75,3,0.7790495126995204,58.57105190126575,7.404028637017863,129.71505345012358,75.18270686863204
75,4,1.0152039749670743,58.693794149898636,7.291360631611574,129.92094996665423,57.81477911732412
75,5,1.174817517456262,58.80636229796821,7.231193375254248,130.1049835466529,50.05574135865754
76,2,0.583667954503321,71.29706235751745,5.651597043417832,146.21926196883607,122.15346171720851
76,3,0.9210368931010735,71.62127805687842,5.765723106115757,146.5970677810966,77.76157265331504
76,4,1.3467531583558126,71.9786713043476,5.9435232700759855,147.00726283364378,53.44607534298432
76,5,1.624834090928771,72.21515897418483,6.033683762089086,147.28733348181245,44.44463526024346
77,2,0.751767998542475,59.3306637951406,6.02126540673693,131.3189677601391,78.92150652988103
77,3,1.2948914149103559,59.685483234178896,6.0787728967519135,131.8542580288044,46.09304076464239
77,4,1.6585237206066603,59.94112377975695,6.162337182904973,132.222829357512,36.141251809421796
77,5,2.0230555042740455,60.176839056488944,6.12874868674941,132.56825768402138,29.74552039323688
78,2,1.0254787952829967,53.420265722440995,6.204021284890194,120.4752861696448,52.09299836060371
78,3,1.741051877733179,53.764398416787664,6.303948257040655,121.16045138570813,30.880411316625395
78,4,2.2740522793210496,54.02318796014457,6.402281267910184,121.67510510133918,23.756352575460767
78,5,2.605902532783417,54.17724210944142,6.478980348753623,121.98244493574832,20.79020271094775
79,2,0.9272235400355519,46.78687361961163,5.950426948513058,105.4093939729325,50.45910839712572
79,3,1.4564077229491394,46.94170163715135,5.954317045076837,105.9258267146004,32.23115380065799
79,4,1.8929291651542766,47.07655195262647,6.010475311713491,106.35590518292419,24.869684809411666
79,5,2.1660813125339033,47.16334054389504,6.076160087782442,106.62104612119077,21.77357796000147
8,2,1.0454523822555506,41.19803889942601,8.282395884136204,112.4662088071084,39.4069009785723
8,3,1.2310533026241188,41.18597743647231,8.334717401694286,112.41837123569897,33.45588449673239
8,4,1.0655350212157135,41.20600129492938,8.29649313024214,112.46936366012774,38.67165328944252
8,5,1.1034990014322383,41.178158866424006,8.28661069421906,112.51629345290135,37.31599071663745
80,2,2.109006320812184,54.789837033302874,7.633747256700586,123.55691977273008,25.978981775840932
80,3,3.7040737502184635,55.614573991148475,7.712711163461578,125.06807942865434,15.014434806467884
80,4,4.78854479206337,56.19506177316442,7.307548904679635,126.09568610781984,11.735310850375699
80,5,5.580146835897905,56.625813512948035,6.867803479512794,126.83591073345744,10.147728200840268
81,2,0.7325309844899646,50.001081993642316,8.893432616897002,146.37106135141482,68.25797457001298
81,3,1.2218928484121716,49.73041025514654,8.854856668213417,145.8559463333756,40.69948515761876
81,4,1.585980691518198,49.550642667773296,8.842571511272817,145.51462954977174,31.242903914493024
81,5,1.7583544998306038,49.46942245249378,8.8661735245998,145.35389633235437,28.133929862220768
82,2,0.9597166147852314,51.77272844026307,9.354308322344599,116.6047580609128,53.94584933010715
82,3,1.516173031929919,52.02935047827477,9.667429308509254,117.18503301937467,34.316235046658804
82,4,1.8623351224167681,52.17944852546256,9.857499472570126,117.50520373327937,28.018291454207198
82,5,2.151425311980783,52.30228528948625,10.014790997767497,117.77941414395073,24.310527888243115
83,2,0.6666608710260619,53.02221334576277,8.881807330885305,149.47950904230657,79.53401025144291
83,3,1.0065245683012385,52.79712811789219,8.715151594057193,149.11407243074012,52.45488213213882
83,4,1.2817309569469164,52.625716372827696,8.565287620702678,148.84215266411408,41.05831701810418
83,5,1.5729830487003138,52.46201786926186,8.443735226819104,148.56882878071394,33.35192809553136
84,2,0.6743764019357121,55.78568962252908,8.596908143774428,154.14161581201816,82.72188741359341
84,3,1.0327208767592433,55.50425851601093,8.441716456948516,153.76625868143353,53.74565308753222
84,4,1.305870562956593,55.309143888957216,8.342870677271147,153.49672337332024,42.35423098916533
84,5,1.5646807292780252,55.12298975541596,8.231352347340941,153.24368516383092,35.229544514525564
85,2,0.6319209239439115,48.98123323169506,6.975604591346265,145.6764929782097,77.51164837346971
85,3,0.921809116971956,48.774175148749684,7.0494214571066065,145.28792031179827,52.911360629469584
85,4,1.1903439488046592,48.64028860366688,7.111868307869504,145.02264556065893,40.86238119989398
85,5,1.4079814884407278,48.52334128733907,7.182355513136752,144.79888147710082,34.463053201392455
86,2,1.5793205934908676,51.75884004843186,6.320385445638109,150.4404243204561,32.77285177817991
86,3,2.7596031580720943,51.07806102344119,6.471247722264817,149.32231753788074,18.509205096733233
86,4,3.6134016200043564,50.61862654856934,6.670327282690947,148.53210589971872,14.008580205491388
86,5,4.175097387566774,50.31437445100231,6.877637279488473,148.00051976812125,12.051066037483407
87,2,1.5110022640130338,67.27509149405248,7.4705301715960655,170.1974502612546,44.523487919960715
87,3,2.701441918720138,66.1914767044417,7.0702174000358635,169.05171644808706,24.502276358685684
87,4,3.620846259972056,65.37856405299532,6.782426304444712,168.17446663717143,18.056155710112453
87,5,4.226678736349535,64.86208829888764,6.660747268045426,167.61193722170415,15.345876086491606
88,2,0.6674780265770217,48.069631905301364,6.669012659526149,144.1231328267947,72.01679946176701
88,3,0.9648061345681616,47.886763422708746,6.752955566349028,143.7795636510227,49.63355974908558
88,4,1.199640145963932,47.76300358962841,6.8040008427605,143.52325140126595,39.81444214932102
88,5,1.448528563339007,47.632264849051445,6.725716002241736,143.27439114039058,32.8832069492797
89,2,0.7669059182317145,53.1159710573559,16.41491322852293,144.11111702272868,69.26008667037885
89,3,1.2313499014820404,52.8824791728202,16.489035527311778,143.61308017329463,42.94675191812161
89,4,1.6665680113252404,52.680161896310544,16.5528753956338,143.1814114419855,31.6099680434404
89,5,1.9756094493713725,52.54108572119756,16.61249988929011,142.88085077695294,26.594874544646
9,2,0.9955516822805203,42.74066509657884,8.296275601498548,96.07104995278321,42.93163823434659
9,3,1.1333180486686774,42.7593456839299,8.282627074068001,96.08589492915844,37.72934292969781
9,4,1.1722876411032361,42.76611283147838,8.310066137526855,95.9954953124159,36.48090363421583
9,5,1.0892070174331108,42.741888085918596,8.252137075413957,96.13098049721933,39.24128931360886
90,2,0.6999844698555355,50.06765334187073,6.962919945895869,147.2334571119931,71.52680492602323
90,3,1.1459735998248988,49.83110673548432,7.2919611413343395,146.8129676345949,43.483642475063945
90,4,1.4574515012698699,49.638548928448536,7.557997745767119,146.47613609738008,34.05845652127304
90,5,1.5937056314025657,49.54804490956079,7.666999235096587,146.33080703184567,31.089834673582036
91,2,1.0966697475930403,58.33876231642793,8.140817915135582,159.59392450161084,53.19628986985951
91,3,1.791419506063196,57.8255182082186,7.902164576109659,158.92463096412575,32.279160570548726
91,4,2.3292859567094846,57.43854077083748,7.771135209481966,158.41242705592157,24.659291126876642
91,5,2.8143392070666042,57.097949700252514,7.685796217479618,157.95549448521808,20.288225866306874
92,2,0.9217584099103246,44.52572044034745,9.006206135252151,95.16122521260341,48.30519524267457
92,3,1.6154640560816125,44.70635227911309,9.33383808904613,95.83500971297443,27.673999823190464
92,4,2.1074473568485264,44.83468379181585,9.5552242182763,96.32305670301125,21.274402624280754
92,5,2.4605766073115714,44.92647720597534,9.740457564690248,96.65348823906534,18.25851586570877
93,2,0.5729725566538059,41.8649791544619,10.301041182817592,103.11157536683308,73.06628901791213
93,3,0.9510558752148665,41.912650555865056,10.372805395233495,102.70758657259485,44.069598019885
93,4,1.2646390678087742,41.95077176577557,10.446573961837428,102.4098824721104,33.17212990006856
93,5,1.5400492807279387,41.98300435419593,10.507451815689238,102.14829956902332,27.26081860298882
94,2,0.5114105370516441,47.282108054177975,7.35710852002786,141.74126968224326,92.45430765314907
94,3,0.5871956100972082,47.05247067236557,7.657373324021666,141.25090453635667,80.1308270395072
94,4,1.2495703450939784,46.71283186686778,7.531311868961164,140.48544517267695,37.38311466532397
94,5,1.6356394665470895,46.54824889365207,7.438594684381035,140.0842306888762,28.458746295312938
95,2,0.7540082080178666,53.493808009721654,7.7976638162393055,152.60498047123139,70.94592171733345
95,3,1.2043876792725643,53.17407473097765,7.770672306811078,152.1182582285346,44.15029745371622
95,4,1.5708500430921029,52.95357256914475,7.72835615204411,151.77848219451553,33.71013831963753
95,5,1.8100653767047241,52.78637868515806,7.736692869629167,151.52484983225867,29.162691620360288
96,2,0.61355073317535,41.99300652300745,7.976396327253732,125.1374520535223,68.44259743811611
96,3,1.1188008398341802,41.920613925953035,8.149083283644725,124.56615628213174,37.46923675662758
96,4,1.6073298476467834,41.85993876150101,8.146727876273108,124.11043036135142,26.04315384446737
96,5,1.9863516781390105,41.81127521156161,8.059051458357473,123.74938952303296,21.049281182797042
97,2,1.6477714151613383,52.3621388313488,7.431119143767338,151.57403188777144,31.777549987688293
97,3,2.717969704483375,51.72784217158963,7.128962262092127,150.56755323800704,19.031794907774362
97,4,3.3565551490506587,51.354299228270996,7.013289994290936,149.96276613516955,15.299703652954609
97,5,3.781958388945299,51.12061543883174,6.992022230048434,149.57563522429828,13.516969264677291
98,2,0.9249939883719553,63.96585941856376,6.863023218761284,166.83025956792412,69.15272913245651
98,3,1.5218465214641914,63.439605582799004,6.767087581405821,166.2287238877373,41.68594156584423
98,4,1.9418826363036668,63.081199887056734,6.714714525614765,165.82321951496417,32.48455822350052
98,5,2.2984261537889217,62.779260908457864,6.626554199800319,165.46937613964224,27.314021175675784
99,2,1.645619397775696,63.37072189049571,7.530714470958404,165.71196855380956,38.508735124940486
99,3,2.8805605292874756,62.38736834362793,7.5303083000245765,164.54395395102503,21.658065328861245
99,4,3.8969792787176947,61.626182480090065,7.571638201033459,163.6179432945383,15.813833719493086
99,5,4.703103031536606,60.99112205143346,7.641120174840894,162.85217071145354,12.96827254533346
